[
{
  "model": "auth.user",
  "fields": {
    "password": "pbkdf2_sha256$1000000$ASaaJYdcN7FtqTsYOjPv2j$IIicVJGFPf3R2PMpa9GScMXG7b57eRbaUCAizjA7CzA=",
    "last_login": "2025-11-14T20:56:32.592Z",
    "is_superuser": true,
    "username": "admin",
    "first_name": "",
    "last_name": "",
    "email": "",
    "is_staff": true,
    "is_active": true,
    "date_joined": "2025-11-05T06:00:07Z",
    "groups": [],
    "user_permissions": [
      [
        "add_emailaddress",
        "account",
        "emailaddress"
      ],
      [
        "change_emailaddress",
        "account",
        "emailaddress"
      ],
      [
        "delete_emailaddress",
        "account",
        "emailaddress"
      ],
      [
        "view_emailaddress",
        "account",
        "emailaddress"
      ],
      [
        "add_emailconfirmation",
        "account",
        "emailconfirmation"
      ],
      [
        "change_emailconfirmation",
        "account",
        "emailconfirmation"
      ],
      [
        "delete_emailconfirmation",
        "account",
        "emailconfirmation"
      ],
      [
        "view_emailconfirmation",
        "account",
        "emailconfirmation"
      ],
      [
        "add_logentry",
        "admin",
        "logentry"
      ],
      [
        "change_logentry",
        "admin",
        "logentry"
      ],
      [
        "delete_logentry",
        "admin",
        "logentry"
      ],
      [
        "view_logentry",
        "admin",
        "logentry"
      ],
      [
        "add_group",
        "auth",
        "group"
      ],
      [
        "change_group",
        "auth",
        "group"
      ],
      [
        "delete_group",
        "auth",
        "group"
      ],
      [
        "view_group",
        "auth",
        "group"
      ],
      [
        "add_permission",
        "auth",
        "permission"
      ],
      [
        "change_permission",
        "auth",
        "permission"
      ],
      [
        "delete_permission",
        "auth",
        "permission"
      ],
      [
        "view_permission",
        "auth",
        "permission"
      ],
      [
        "add_user",
        "auth",
        "user"
      ],
      [
        "change_user",
        "auth",
        "user"
      ],
      [
        "delete_user",
        "auth",
        "user"
      ],
      [
        "view_user",
        "auth",
        "user"
      ],
      [
        "add_contenttype",
        "contenttypes",
        "contenttype"
      ],
      [
        "change_contenttype",
        "contenttypes",
        "contenttype"
      ],
      [
        "delete_contenttype",
        "contenttypes",
        "contenttype"
      ],
      [
        "view_contenttype",
        "contenttypes",
        "contenttype"
      ],
      [
        "add_booking",
        "main_app",
        "booking"
      ],
      [
        "change_booking",
        "main_app",
        "booking"
      ],
      [
        "delete_booking",
        "main_app",
        "booking"
      ],
      [
        "view_booking",
        "main_app",
        "booking"
      ],
      [
        "add_chat",
        "main_app",
        "chat"
      ],
      [
        "change_chat",
        "main_app",
        "chat"
      ],
      [
        "delete_chat",
        "main_app",
        "chat"
      ],
      [
        "view_chat",
        "main_app",
        "chat"
      ],
      [
        "add_chatroom",
        "main_app",
        "chatroom"
      ],
      [
        "change_chatroom",
        "main_app",
        "chatroom"
      ],
      [
        "delete_chatroom",
        "main_app",
        "chatroom"
      ],
      [
        "view_chatroom",
        "main_app",
        "chatroom"
      ],
      [
        "add_college",
        "main_app",
        "college"
      ],
      [
        "change_college",
        "main_app",
        "college"
      ],
      [
        "delete_college",
        "main_app",
        "college"
      ],
      [
        "view_college",
        "main_app",
        "college"
      ],
      [
        "add_facultybooking",
        "main_app",
        "facultybooking"
      ],
      [
        "change_facultybooking",
        "main_app",
        "facultybooking"
      ],
      [
        "delete_facultybooking",
        "main_app",
        "facultybooking"
      ],
      [
        "view_facultybooking",
        "main_app",
        "facultybooking"
      ],
      [
        "add_pc",
        "main_app",
        "pc"
      ],
      [
        "change_pc",
        "main_app",
        "pc"
      ],
      [
        "delete_pc",
        "main_app",
        "pc"
      ],
      [
        "view_pc",
        "main_app",
        "pc"
      ],
      [
        "add_peripheralevent",
        "main_app",
        "peripheralevent"
      ],
      [
        "change_peripheralevent",
        "main_app",
        "peripheralevent"
      ],
      [
        "delete_peripheralevent",
        "main_app",
        "peripheralevent"
      ],
      [
        "view_peripheralevent",
        "main_app",
        "peripheralevent"
      ],
      [
        "add_violation",
        "main_app",
        "violation"
      ],
      [
        "change_violation",
        "main_app",
        "violation"
      ],
      [
        "delete_violation",
        "main_app",
        "violation"
      ],
      [
        "view_violation",
        "main_app",
        "violation"
      ],
      [
        "add_pendinguser",
        "pcheck_account",
        "pendinguser"
      ],
      [
        "change_pendinguser",
        "pcheck_account",
        "pendinguser"
      ],
      [
        "delete_pendinguser",
        "pcheck_account",
        "pendinguser"
      ],
      [
        "view_pendinguser",
        "pcheck_account",
        "pendinguser"
      ],
      [
        "add_profile",
        "pcheck_account",
        "profile"
      ],
      [
        "change_profile",
        "pcheck_account",
        "profile"
      ],
      [
        "delete_profile",
        "pcheck_account",
        "profile"
      ],
      [
        "view_profile",
        "pcheck_account",
        "profile"
      ],
      [
        "add_session",
        "sessions",
        "session"
      ],
      [
        "change_session",
        "sessions",
        "session"
      ],
      [
        "delete_session",
        "sessions",
        "session"
      ],
      [
        "view_session",
        "sessions",
        "session"
      ],
      [
        "add_site",
        "sites",
        "site"
      ],
      [
        "change_site",
        "sites",
        "site"
      ],
      [
        "delete_site",
        "sites",
        "site"
      ],
      [
        "view_site",
        "sites",
        "site"
      ],
      [
        "add_socialaccount",
        "socialaccount",
        "socialaccount"
      ],
      [
        "change_socialaccount",
        "socialaccount",
        "socialaccount"
      ],
      [
        "delete_socialaccount",
        "socialaccount",
        "socialaccount"
      ],
      [
        "view_socialaccount",
        "socialaccount",
        "socialaccount"
      ],
      [
        "add_socialapp",
        "socialaccount",
        "socialapp"
      ],
      [
        "change_socialapp",
        "socialaccount",
        "socialapp"
      ],
      [
        "delete_socialapp",
        "socialaccount",
        "socialapp"
      ],
      [
        "view_socialapp",
        "socialaccount",
        "socialapp"
      ],
      [
        "add_socialtoken",
        "socialaccount",
        "socialtoken"
      ],
      [
        "change_socialtoken",
        "socialaccount",
        "socialtoken"
      ],
      [
        "delete_socialtoken",
        "socialaccount",
        "socialtoken"
      ],
      [
        "view_socialtoken",
        "socialaccount",
        "socialtoken"
      ]
    ]
  }
},
{
  "model": "auth.user",
  "fields": {
    "password": "pbkdf2_sha256$1000000$otImI3RSDL7tVZESlkvjNT$+gHb888X5qJZ0RM/5AdpIgsoaJlWXfutUKvdCRFCKpM=",
    "last_login": "2025-11-05T17:41:10.876Z",
    "is_superuser": false,
    "username": "202220622@psu.palawan.edu.ph",
    "first_name": "Gabuco",
    "last_name": "Ceian Hazel",
    "email": "202220622@psu.palawan.edu.ph",
    "is_staff": false,
    "is_active": true,
    "date_joined": "2025-11-05T11:08:52.881Z",
    "groups": [],
    "user_permissions": []
  }
},
{
  "model": "auth.user",
  "fields": {
    "password": "pbkdf2_sha256$1000000$ztXTi1MJZmbluVqTAPANLY$bqGQynPC4CF5OQU5eU36W3Yj/W1CaZ9bZR6dc4aFwFs=",
    "last_login": "2025-11-07T14:30:53.405Z",
    "is_superuser": false,
    "username": "202280348@psu.palawan.edu.ph",
    "first_name": "Kyle",
    "last_name": "Engreso",
    "email": "202280348@psu.palawan.edu.ph",
    "is_staff": false,
    "is_active": true,
    "date_joined": "2025-11-07T14:30:33.424Z",
    "groups": [],
    "user_permissions": []
  }
},
{
  "model": "auth.user",
  "fields": {
    "password": "!ipzp6rEjhOSHUD0olQGCj9lWvswDldul6F3IkM5z",
    "last_login": null,
    "is_superuser": false,
    "username": "pcheck_support",
    "first_name": "PCheck",
    "last_name": "Support",
    "email": "support@pcheck.psu.palawan.edu.ph",
    "is_staff": false,
    "is_active": true,
    "date_joined": "2025-11-09T18:10:44.252Z",
    "groups": [],
    "user_permissions": []
  }
},
{
  "model": "auth.user",
  "fields": {
    "password": "pbkdf2_sha256$1000000$wlXpVV4JhtdiVRA0NEiGGE$f+FZ3VEx8tXZ+u3xFr+1Tm/12EI/qJGqqMwNnFC9ozY=",
    "last_login": "2025-11-14T20:59:03.055Z",
    "is_superuser": true,
    "username": "202280102@psu.palawan.edu.ph",
    "first_name": "Mark cristobal",
    "last_name": "Avellana",
    "email": "202280102@psu.palawan.edu.ph",
    "is_staff": false,
    "is_active": true,
    "date_joined": "2025-11-09T18:35:43Z",
    "groups": [],
    "user_permissions": [
      [
        "add_emailaddress",
        "account",
        "emailaddress"
      ],
      [
        "change_emailaddress",
        "account",
        "emailaddress"
      ],
      [
        "delete_emailaddress",
        "account",
        "emailaddress"
      ],
      [
        "view_emailaddress",
        "account",
        "emailaddress"
      ],
      [
        "add_emailconfirmation",
        "account",
        "emailconfirmation"
      ],
      [
        "change_emailconfirmation",
        "account",
        "emailconfirmation"
      ],
      [
        "delete_emailconfirmation",
        "account",
        "emailconfirmation"
      ],
      [
        "view_emailconfirmation",
        "account",
        "emailconfirmation"
      ],
      [
        "add_logentry",
        "admin",
        "logentry"
      ],
      [
        "change_logentry",
        "admin",
        "logentry"
      ],
      [
        "delete_logentry",
        "admin",
        "logentry"
      ],
      [
        "view_logentry",
        "admin",
        "logentry"
      ],
      [
        "add_group",
        "auth",
        "group"
      ],
      [
        "change_group",
        "auth",
        "group"
      ],
      [
        "delete_group",
        "auth",
        "group"
      ],
      [
        "view_group",
        "auth",
        "group"
      ],
      [
        "add_permission",
        "auth",
        "permission"
      ],
      [
        "change_permission",
        "auth",
        "permission"
      ],
      [
        "delete_permission",
        "auth",
        "permission"
      ],
      [
        "view_permission",
        "auth",
        "permission"
      ],
      [
        "add_user",
        "auth",
        "user"
      ],
      [
        "change_user",
        "auth",
        "user"
      ],
      [
        "delete_user",
        "auth",
        "user"
      ],
      [
        "view_user",
        "auth",
        "user"
      ],
      [
        "add_contenttype",
        "contenttypes",
        "contenttype"
      ],
      [
        "change_contenttype",
        "contenttypes",
        "contenttype"
      ],
      [
        "delete_contenttype",
        "contenttypes",
        "contenttype"
      ],
      [
        "view_contenttype",
        "contenttypes",
        "contenttype"
      ],
      [
        "add_booking",
        "main_app",
        "booking"
      ],
      [
        "change_booking",
        "main_app",
        "booking"
      ],
      [
        "delete_booking",
        "main_app",
        "booking"
      ],
      [
        "view_booking",
        "main_app",
        "booking"
      ],
      [
        "add_chat",
        "main_app",
        "chat"
      ],
      [
        "change_chat",
        "main_app",
        "chat"
      ],
      [
        "delete_chat",
        "main_app",
        "chat"
      ],
      [
        "view_chat",
        "main_app",
        "chat"
      ],
      [
        "add_chatroom",
        "main_app",
        "chatroom"
      ],
      [
        "change_chatroom",
        "main_app",
        "chatroom"
      ],
      [
        "delete_chatroom",
        "main_app",
        "chatroom"
      ],
      [
        "view_chatroom",
        "main_app",
        "chatroom"
      ],
      [
        "add_college",
        "main_app",
        "college"
      ],
      [
        "change_college",
        "main_app",
        "college"
      ],
      [
        "delete_college",
        "main_app",
        "college"
      ],
      [
        "view_college",
        "main_app",
        "college"
      ],
      [
        "add_course",
        "main_app",
        "course"
      ],
      [
        "change_course",
        "main_app",
        "course"
      ],
      [
        "delete_course",
        "main_app",
        "course"
      ],
      [
        "view_course",
        "main_app",
        "course"
      ],
      [
        "add_facultybooking",
        "main_app",
        "facultybooking"
      ],
      [
        "change_facultybooking",
        "main_app",
        "facultybooking"
      ],
      [
        "delete_facultybooking",
        "main_app",
        "facultybooking"
      ],
      [
        "view_facultybooking",
        "main_app",
        "facultybooking"
      ],
      [
        "add_pc",
        "main_app",
        "pc"
      ],
      [
        "change_pc",
        "main_app",
        "pc"
      ],
      [
        "delete_pc",
        "main_app",
        "pc"
      ],
      [
        "view_pc",
        "main_app",
        "pc"
      ],
      [
        "add_peripheralevent",
        "main_app",
        "peripheralevent"
      ],
      [
        "change_peripheralevent",
        "main_app",
        "peripheralevent"
      ],
      [
        "delete_peripheralevent",
        "main_app",
        "peripheralevent"
      ],
      [
        "view_peripheralevent",
        "main_app",
        "peripheralevent"
      ],
      [
        "add_violation",
        "main_app",
        "violation"
      ],
      [
        "change_violation",
        "main_app",
        "violation"
      ],
      [
        "delete_violation",
        "main_app",
        "violation"
      ],
      [
        "view_violation",
        "main_app",
        "violation"
      ],
      [
        "add_pendinguser",
        "pcheck_account",
        "pendinguser"
      ],
      [
        "change_pendinguser",
        "pcheck_account",
        "pendinguser"
      ],
      [
        "delete_pendinguser",
        "pcheck_account",
        "pendinguser"
      ],
      [
        "view_pendinguser",
        "pcheck_account",
        "pendinguser"
      ],
      [
        "add_profile",
        "pcheck_account",
        "profile"
      ],
      [
        "change_profile",
        "pcheck_account",
        "profile"
      ],
      [
        "delete_profile",
        "pcheck_account",
        "profile"
      ],
      [
        "view_profile",
        "pcheck_account",
        "profile"
      ],
      [
        "add_session",
        "sessions",
        "session"
      ],
      [
        "change_session",
        "sessions",
        "session"
      ],
      [
        "delete_session",
        "sessions",
        "session"
      ],
      [
        "view_session",
        "sessions",
        "session"
      ],
      [
        "add_site",
        "sites",
        "site"
      ],
      [
        "change_site",
        "sites",
        "site"
      ],
      [
        "delete_site",
        "sites",
        "site"
      ],
      [
        "view_site",
        "sites",
        "site"
      ],
      [
        "add_socialaccount",
        "socialaccount",
        "socialaccount"
      ],
      [
        "change_socialaccount",
        "socialaccount",
        "socialaccount"
      ],
      [
        "delete_socialaccount",
        "socialaccount",
        "socialaccount"
      ],
      [
        "view_socialaccount",
        "socialaccount",
        "socialaccount"
      ],
      [
        "add_socialapp",
        "socialaccount",
        "socialapp"
      ],
      [
        "change_socialapp",
        "socialaccount",
        "socialapp"
      ],
      [
        "delete_socialapp",
        "socialaccount",
        "socialapp"
      ],
      [
        "view_socialapp",
        "socialaccount",
        "socialapp"
      ],
      [
        "add_socialtoken",
        "socialaccount",
        "socialtoken"
      ],
      [
        "change_socialtoken",
        "socialaccount",
        "socialtoken"
      ],
      [
        "delete_socialtoken",
        "socialaccount",
        "socialtoken"
      ],
      [
        "view_socialtoken",
        "socialaccount",
        "socialtoken"
      ]
    ]
  }
},
{
  "model": "auth.user",
  "fields": {
    "password": "pbkdf2_sha256$1000000$ATZSp310hpi93lbMbxjZdG$Mo7UnMgRkVDz5hzRa8vQ9ytXaqaKEf/XuFdEeKewI4s=",
    "last_login": "2025-11-14T20:59:19.936Z",
    "is_superuser": false,
    "username": "202280128@psu.palawan.edu.ph",
    "first_name": "John philip",
    "last_name": "Gabo",
    "email": "202280128@psu.palawan.edu.ph",
    "is_staff": false,
    "is_active": true,
    "date_joined": "2025-11-09T20:13:43.875Z",
    "groups": [],
    "user_permissions": []
  }
},
{
  "model": "auth.user",
  "fields": {
    "password": "pbkdf2_sha256$1000000$TRb17hTmSIe3V2n954rLDl$6YcJkVUpgZq9NjblRABFiSJXdS2YN64JizUXsPl3s6c=",
    "last_login": "2025-11-13T21:58:11.756Z",
    "is_superuser": false,
    "username": "202280127@psu.palawan.edu.ph",
    "first_name": "Ace",
    "last_name": "Guintangan",
    "email": "202280127@psu.palawan.edu.ph",
    "is_staff": false,
    "is_active": true,
    "date_joined": "2025-11-10T18:08:15.037Z",
    "groups": [],
    "user_permissions": []
  }
},
{
  "model": "auth.user",
  "fields": {
    "password": "pbkdf2_sha256$1000000$EdZSyV1A4GS3nQZru6Fzjg$TrlIcm4s64AwySpa5JpPRLR5zGrKuIjbqEtwh2OGlZ8=",
    "last_login": "2025-11-12T06:27:10.809Z",
    "is_superuser": false,
    "username": "201880524@psu.palawan.edu.ph",
    "first_name": "Lailanie",
    "last_name": "Penarubia",
    "email": "201880524@psu.palawan.edu.ph",
    "is_staff": false,
    "is_active": true,
    "date_joined": "2025-11-12T06:26:44.618Z",
    "groups": [],
    "user_permissions": []
  }
},
{
  "model": "auth.user",
  "fields": {
    "password": "pbkdf2_sha256$1000000$KojT5idhqzV51Bz3tDLCLf$e0THNDgYipPTooYPas7rGDjJqANoPFrmeiY+MLkgP+4=",
    "last_login": "2025-11-12T06:44:14.467Z",
    "is_superuser": false,
    "username": "202480070@psu.palawan.edu.ph",
    "first_name": "Rancine",
    "last_name": "Paragoso",
    "email": "202480070@psu.palawan.edu.ph",
    "is_staff": false,
    "is_active": true,
    "date_joined": "2025-11-12T06:43:54.931Z",
    "groups": [],
    "user_permissions": []
  }
},
{
  "model": "auth.user",
  "fields": {
    "password": "pbkdf2_sha256$1000000$c2LGJgVrXmubz2gcELX9l1$l0gvo2LlepeTb0ffMPelMPo0xq4xGs2aBd41/bMOsLc=",
    "last_login": "2025-11-12T07:08:02.599Z",
    "is_superuser": false,
    "username": "202280385@psu.palawan.edu.ph",
    "first_name": "Robin",
    "last_name": "Bacosa",
    "email": "202280385@psu.palawan.edu.ph",
    "is_staff": false,
    "is_active": true,
    "date_joined": "2025-11-12T07:07:27.943Z",
    "groups": [],
    "user_permissions": []
  }
},
{
  "model": "auth.user",
  "fields": {
    "password": "pbkdf2_sha256$1000000$bRKXyWK7nrlcx9qLX9UKMY$V/go8K3PTnbUr48+VVlPocaFCYYRzZ+3QxUcSo5Yn/s=",
    "last_login": "2025-11-12T07:17:54.509Z",
    "is_superuser": false,
    "username": "202520620@psu.palawan.edu.ph",
    "first_name": "Xyrelle",
    "last_name": "Macatangay ",
    "email": "202520620@psu.palawan.edu.ph",
    "is_staff": false,
    "is_active": true,
    "date_joined": "2025-11-12T07:17:27.923Z",
    "groups": [],
    "user_permissions": []
  }
},
{
  "model": "auth.user",
  "fields": {
    "password": "pbkdf2_sha256$1000000$4vR88bf7YRu6glryNMH1yR$oBkVOeJFtyvcNo1wh7jUUKdnfRH63kpeTUYxJuVPiv8=",
    "last_login": "2025-11-13T07:27:28.111Z",
    "is_superuser": false,
    "username": "202310217@psu.palawan.edu.ph",
    "first_name": "Jeff",
    "last_name": "Gatvhalian",
    "email": "202310217@psu.palawan.edu.ph",
    "is_staff": false,
    "is_active": true,
    "date_joined": "2025-11-13T07:27:02.454Z",
    "groups": [],
    "user_permissions": []
  }
},
{
  "model": "auth.user",
  "fields": {
    "password": "pbkdf2_sha256$1000000$hipVLt4nITuUVM4RLUWfDp$gn7Myv8j75BNZxW4lmwajCv+l9EbxYNtYnfyCnLcHSU=",
    "last_login": "2025-11-13T07:42:47.770Z",
    "is_superuser": false,
    "username": "202310406@psu.palawan.edu.ph",
    "first_name": "Ma clarissa ",
    "last_name": "Ducusin",
    "email": "202310406@psu.palawan.edu.ph",
    "is_staff": false,
    "is_active": true,
    "date_joined": "2025-11-13T07:42:25.657Z",
    "groups": [],
    "user_permissions": []
  }
},
{
  "model": "auth.user",
  "fields": {
    "password": "pbkdf2_sha256$1000000$pNIibChpFFgXCoEh6HDjUF$idCRQGabYcDOQvkVM985lhIUV5rEg2tdsv2mSJrE3d4=",
    "last_login": "2025-11-13T08:14:08.389Z",
    "is_superuser": false,
    "username": "202080107@psu.palawan.edu.ph",
    "first_name": "John alexis",
    "last_name": "Rica",
    "email": "202080107@psu.palawan.edu.ph",
    "is_staff": false,
    "is_active": true,
    "date_joined": "2025-11-13T08:13:45.725Z",
    "groups": [],
    "user_permissions": []
  }
},
{
  "model": "auth.user",
  "fields": {
    "password": "pbkdf2_sha256$1000000$mSPR4qLa0AvcVuGStnBJNh$/T2jgnQ/9DVYELHGK/NyRA9j1rtEcRqvDFxhmPMFSQ8=",
    "last_login": "2025-11-13T08:14:55.900Z",
    "is_superuser": false,
    "username": "201940243@psu.palawan.edu.ph",
    "first_name": "Kenjay christian ",
    "last_name": "Abados",
    "email": "201940243@psu.palawan.edu.ph",
    "is_staff": false,
    "is_active": true,
    "date_joined": "2025-11-13T08:14:29.581Z",
    "groups": [],
    "user_permissions": []
  }
},
{
  "model": "auth.user",
  "fields": {
    "password": "pbkdf2_sha256$1000000$A8AHBtdjZey4bQvsMGtTfr$+tlZqR/l5ZQeQlTfGW1wv/vmjxaR7iZzwF8U6C1Mmc4=",
    "last_login": "2025-11-13T08:25:01.045Z",
    "is_superuser": false,
    "username": "202480096@psu.palawan.edu.ph",
    "first_name": "Zorwinlyn",
    "last_name": "Zambales",
    "email": "202480096@psu.palawan.edu.ph",
    "is_staff": false,
    "is_active": true,
    "date_joined": "2025-11-13T08:24:43.166Z",
    "groups": [],
    "user_permissions": []
  }
},
{
  "model": "auth.user",
  "fields": {
    "password": "pbkdf2_sha256$1000000$vWHYXOJ4B4dZNcEXeQyhXV$cxWz8rF4CNnSHDZgF7tCNOJk5xKkUmYh3AJbKFoltwI=",
    "last_login": "2025-11-13T08:38:22.610Z",
    "is_superuser": false,
    "username": "201720022@psu.palawan.edu.ph",
    "first_name": "John cris",
    "last_name": "Gaite",
    "email": "201720022@psu.palawan.edu.ph",
    "is_staff": false,
    "is_active": true,
    "date_joined": "2025-11-13T08:37:58.490Z",
    "groups": [],
    "user_permissions": []
  }
},
{
  "model": "auth.user",
  "fields": {
    "password": "pbkdf2_sha256$1000000$wRPPLuTbkV6S0GChjna2c8$7IRj5XbSLYr+3fnnfmF22QFWlD2zKOzLLMtlEQhzKfM=",
    "last_login": "2025-11-13T08:40:00.985Z",
    "is_superuser": false,
    "username": "202510154@psu.palawan.edu.ph",
    "first_name": "Dorothy",
    "last_name": "Abigan",
    "email": "202510154@psu.palawan.edu.ph",
    "is_staff": false,
    "is_active": true,
    "date_joined": "2025-11-13T08:39:31.705Z",
    "groups": [],
    "user_permissions": []
  }
},
{
  "model": "auth.user",
  "fields": {
    "password": "pbkdf2_sha256$1000000$kr8IL9btfHK5fifr1roPZt$/Qz0TbKzfqQJ8Algkzg96XKQRQuD35rU61xsGse7nAI=",
    "last_login": null,
    "is_superuser": false,
    "username": "202280086@psu.palawan.edu.ph",
    "first_name": "Kenrick",
    "last_name": "Lim",
    "email": "202280086@psu.palawan.edu.ph",
    "is_staff": false,
    "is_active": true,
    "date_joined": "2025-11-13T16:12:45.441Z",
    "groups": [],
    "user_permissions": []
  }
},
{
  "model": "auth.user",
  "fields": {
    "password": "pbkdf2_sha256$1000000$Fe9tnXzCuZRnfmABufM1CI$d8binC0K0nO3/X8VeujzjVVtjNxhjQtuHHbHBtgklZg=",
    "last_login": "2025-11-14T20:57:44.413Z",
    "is_superuser": true,
    "username": "202280287@psu.palawan.edu.ph",
    "first_name": "BRYAN",
    "last_name": "ETOQUILLA",
    "email": "202280287@psu.palawan.edu.ph",
    "is_staff": true,
    "is_active": true,
    "date_joined": "2025-11-14T20:44:05Z",
    "groups": [],
    "user_permissions": [
      [
        "add_emailaddress",
        "account",
        "emailaddress"
      ],
      [
        "change_emailaddress",
        "account",
        "emailaddress"
      ],
      [
        "delete_emailaddress",
        "account",
        "emailaddress"
      ],
      [
        "view_emailaddress",
        "account",
        "emailaddress"
      ],
      [
        "add_emailconfirmation",
        "account",
        "emailconfirmation"
      ],
      [
        "change_emailconfirmation",
        "account",
        "emailconfirmation"
      ],
      [
        "delete_emailconfirmation",
        "account",
        "emailconfirmation"
      ],
      [
        "view_emailconfirmation",
        "account",
        "emailconfirmation"
      ],
      [
        "add_logentry",
        "admin",
        "logentry"
      ],
      [
        "change_logentry",
        "admin",
        "logentry"
      ],
      [
        "delete_logentry",
        "admin",
        "logentry"
      ],
      [
        "view_logentry",
        "admin",
        "logentry"
      ],
      [
        "add_group",
        "auth",
        "group"
      ],
      [
        "change_group",
        "auth",
        "group"
      ],
      [
        "delete_group",
        "auth",
        "group"
      ],
      [
        "view_group",
        "auth",
        "group"
      ],
      [
        "add_permission",
        "auth",
        "permission"
      ],
      [
        "change_permission",
        "auth",
        "permission"
      ],
      [
        "delete_permission",
        "auth",
        "permission"
      ],
      [
        "view_permission",
        "auth",
        "permission"
      ],
      [
        "add_user",
        "auth",
        "user"
      ],
      [
        "change_user",
        "auth",
        "user"
      ],
      [
        "delete_user",
        "auth",
        "user"
      ],
      [
        "view_user",
        "auth",
        "user"
      ],
      [
        "add_contenttype",
        "contenttypes",
        "contenttype"
      ],
      [
        "change_contenttype",
        "contenttypes",
        "contenttype"
      ],
      [
        "delete_contenttype",
        "contenttypes",
        "contenttype"
      ],
      [
        "view_contenttype",
        "contenttypes",
        "contenttype"
      ],
      [
        "add_booking",
        "main_app",
        "booking"
      ],
      [
        "change_booking",
        "main_app",
        "booking"
      ],
      [
        "delete_booking",
        "main_app",
        "booking"
      ],
      [
        "view_booking",
        "main_app",
        "booking"
      ],
      [
        "add_chat",
        "main_app",
        "chat"
      ],
      [
        "change_chat",
        "main_app",
        "chat"
      ],
      [
        "delete_chat",
        "main_app",
        "chat"
      ],
      [
        "view_chat",
        "main_app",
        "chat"
      ],
      [
        "add_chatroom",
        "main_app",
        "chatroom"
      ],
      [
        "change_chatroom",
        "main_app",
        "chatroom"
      ],
      [
        "delete_chatroom",
        "main_app",
        "chatroom"
      ],
      [
        "view_chatroom",
        "main_app",
        "chatroom"
      ],
      [
        "add_college",
        "main_app",
        "college"
      ],
      [
        "change_college",
        "main_app",
        "college"
      ],
      [
        "delete_college",
        "main_app",
        "college"
      ],
      [
        "view_college",
        "main_app",
        "college"
      ],
      [
        "add_course",
        "main_app",
        "course"
      ],
      [
        "change_course",
        "main_app",
        "course"
      ],
      [
        "delete_course",
        "main_app",
        "course"
      ],
      [
        "view_course",
        "main_app",
        "course"
      ],
      [
        "add_facultybooking",
        "main_app",
        "facultybooking"
      ],
      [
        "change_facultybooking",
        "main_app",
        "facultybooking"
      ],
      [
        "delete_facultybooking",
        "main_app",
        "facultybooking"
      ],
      [
        "view_facultybooking",
        "main_app",
        "facultybooking"
      ],
      [
        "add_pc",
        "main_app",
        "pc"
      ],
      [
        "change_pc",
        "main_app",
        "pc"
      ],
      [
        "delete_pc",
        "main_app",
        "pc"
      ],
      [
        "view_pc",
        "main_app",
        "pc"
      ],
      [
        "add_peripheralevent",
        "main_app",
        "peripheralevent"
      ],
      [
        "change_peripheralevent",
        "main_app",
        "peripheralevent"
      ],
      [
        "delete_peripheralevent",
        "main_app",
        "peripheralevent"
      ],
      [
        "view_peripheralevent",
        "main_app",
        "peripheralevent"
      ],
      [
        "add_violation",
        "main_app",
        "violation"
      ],
      [
        "change_violation",
        "main_app",
        "violation"
      ],
      [
        "delete_violation",
        "main_app",
        "violation"
      ],
      [
        "view_violation",
        "main_app",
        "violation"
      ],
      [
        "add_pendinguser",
        "pcheck_account",
        "pendinguser"
      ],
      [
        "change_pendinguser",
        "pcheck_account",
        "pendinguser"
      ],
      [
        "delete_pendinguser",
        "pcheck_account",
        "pendinguser"
      ],
      [
        "view_pendinguser",
        "pcheck_account",
        "pendinguser"
      ],
      [
        "add_profile",
        "pcheck_account",
        "profile"
      ],
      [
        "change_profile",
        "pcheck_account",
        "profile"
      ],
      [
        "delete_profile",
        "pcheck_account",
        "profile"
      ],
      [
        "view_profile",
        "pcheck_account",
        "profile"
      ],
      [
        "add_session",
        "sessions",
        "session"
      ],
      [
        "change_session",
        "sessions",
        "session"
      ],
      [
        "delete_session",
        "sessions",
        "session"
      ],
      [
        "view_session",
        "sessions",
        "session"
      ],
      [
        "add_site",
        "sites",
        "site"
      ],
      [
        "change_site",
        "sites",
        "site"
      ],
      [
        "delete_site",
        "sites",
        "site"
      ],
      [
        "view_site",
        "sites",
        "site"
      ],
      [
        "add_socialaccount",
        "socialaccount",
        "socialaccount"
      ],
      [
        "change_socialaccount",
        "socialaccount",
        "socialaccount"
      ],
      [
        "delete_socialaccount",
        "socialaccount",
        "socialaccount"
      ],
      [
        "view_socialaccount",
        "socialaccount",
        "socialaccount"
      ],
      [
        "add_socialapp",
        "socialaccount",
        "socialapp"
      ],
      [
        "change_socialapp",
        "socialaccount",
        "socialapp"
      ],
      [
        "delete_socialapp",
        "socialaccount",
        "socialapp"
      ],
      [
        "view_socialapp",
        "socialaccount",
        "socialapp"
      ],
      [
        "add_socialtoken",
        "socialaccount",
        "socialtoken"
      ],
      [
        "change_socialtoken",
        "socialaccount",
        "socialtoken"
      ],
      [
        "delete_socialtoken",
        "socialaccount",
        "socialtoken"
      ],
      [
        "view_socialtoken",
        "socialaccount",
        "socialtoken"
      ]
    ]
  }
},
{
  "model": "sessions.session",
  "pk": "14efl6m9mzhvvmotk6ze56emezhp4tb5",
  "fields": {
    "session_data": ".eJxVi8sKwjAQRf8layl5mJdLoXv_IExmMiSoFdoGBPHfrdCFwl2de85LJOhrTX0pc2okTkI7cfiFGfBapu8DiI8-rcNOlmG8Q7td5sLted6tv7TCUrdOSW8cGWZgE70n2maZrS6eosOI1h2pBCkJomLWLhCjLyrnYKxiK94fuvk2yw:1vK0t5:2LWdkkys20v1fcAB5XK-5H-3B-nxdoJz5-EeMxbFgoI",
    "expire_date": "2025-11-28T20:59:19.942Z"
  }
},
{
  "model": "sessions.session",
  "pk": "1uk4xrigdgp2z113jjhj6ahu6fuj2jup",
  "fields": {
    "session_data": ".eJxVi80KwjAMgN-lZxlN063To-DdNyhJk9KhTlhXEMR3V2EHvX4_TxOprSW2qkucxByMd2b3C5nSReevoZTubV67jdTudKPpel40T4_jVv2thWr5fA6tgBcHwErMgYDUY2AmJpBREHWfc8-296AJQAdRCIx2UDd6ZPN6A7z9NqQ:1vJr8z:UVUqLz4oxY5Gnesg5MRJ12bOTQdUZ4LLNFGVAy2iyxY",
    "expire_date": "2025-11-28T10:35:05.965Z"
  }
},
{
  "model": "sessions.session",
  "pk": "3h7t5cj1op5vldhnsgwsnkb71jluv0or",
  "fields": {
    "session_data": ".eJxVi0EKwjAUBe-StZS0Jk3qUnDvDcJL_g8JaoWmAUF697bQhW7eYt7MVzjUOblaeHKZxEW0Z3H6hR7hweP-IIR3HefmIKW5vZCf94lj_lwP6y9NKGnrBm911IoiBi2he2MUtiFJBHTWG99ZCWLZwlOwhjnsJCIqQPYQywq1Kzcn:1vGdxI:n1qZLuWDSSYMybp2cXaN3qpTfl7WeyRMXrIhOfPVO8M",
    "expire_date": "2025-11-19T13:53:44.952Z"
  }
},
{
  "model": "sessions.session",
  "pk": "4189iz4zx7jbmmq9f18xham19n8aw8k9",
  "fields": {
    "session_data": ".eJxVi80KwjAMgN-lZxlN063To-DdNyhJk9KhTlhXEMR3V2EHvX4_TxOprSW2qkucxByMd2b3C5nSReevoZTubV67jdTudKPpel40T4_jVv2thWr5fA6tgBcHwErMgYDUY2AmJpBREHWfc8-296AJQAdRCIx2UDd6ZPN6A7z9NqQ:1vJhsm:rBbEOndqf4iPzU5l_orqBAmPnsukdLXVGc1K0qapoF4",
    "expire_date": "2025-11-28T00:41:44.968Z"
  }
},
{
  "model": "sessions.session",
  "pk": "4s2s3tq4qfvl6aw4oqpg0h0f1xmy9jo0",
  "fields": {
    "session_data": ".eJxVi80KwjAMgN-lZxlN063To-DdNyhJk9KhTlhXEMR3V2EHvX4_TxOprSW2qkucxByMd2b3C5nSReevoZTubV67jdTudKPpel40T4_jVv2thWr5fA6tgBcHwErMgYDUY2AmJpBREHWfc8-296AJQAdRCIx2UDd6ZPN6A7z9NqQ:1vJyfQ:dJiqdfBRwE3u0494ECRiVcud65rG0xbk3XuU7cc31KU",
    "expire_date": "2025-11-28T18:37:04.637Z"
  }
},
{
  "model": "sessions.session",
  "pk": "4thuyhlk7ecctdxxole5hmjz836q0mdd",
  "fields": {
    "session_data": ".eJxVizsKAjEQQO-SWpZMPiaxFOy9QZjMTEhQV9gPCOLdVdhC2_d5qozr0vI6y5Q7q4OyUe1-YUG6yPg1SHRfx2XYyDycbtiv50lqfxy36m9tOLfPZ8DF4oT34hEpUk1BSmUGTqXYmIR9AG2iphpqYCPGAgXtOVoA50C93snNNk0:1vJSs5:QDigPhCRWUvOQhZv_7Ca04WXg7iDG1gwbZE05N2m8tA",
    "expire_date": "2025-11-27T08:40:01.005Z"
  }
},
{
  "model": "sessions.session",
  "pk": "62qyqu3m9ijglvcin041t5jnmttgtr6e",
  "fields": {
    "session_data": ".eJxVi8sKwjAQRf8layl5mJdLoXv_IExmMiSoFdoGBPHfrdCFwl2de85LJOhrTX0pc2okTkI7cfiFGfBapu8DiI8-rcNOlmG8Q7td5sLted6tv7TCUrdOSW8cGWZgE70n2maZrS6eosOI1h2pBCkJomLWLhCjLyrnYKxiK94fuvk2yw:1vJeac:nezPg8nMijXdY5YoCEGgExYSb3KD3tPNfbprpm43YL4",
    "expire_date": "2025-11-27T21:10:46.651Z"
  }
},
{
  "model": "sessions.session",
  "pk": "81e5kepzn1tenowun7myuk4r78elmo65",
  "fields": {
    "session_data": ".eJxVi0kKwjAUQO-StZQkjRlcCt17g5A_hAS1QtOAIN7dCl3o9g0vEVNfS-yNl1hJnIQ-isMvhIRXnr8mIT76vA47acN0T_V2WTjX53mv_taSWtk-ZghspSGVaXR6BCDO6AgDs3TjpgJpD8GRVmSQPLtkPShjyViUIN4f1UM3Ew:1vJfNT:EHewI7i9NjpZgwHrMeF3_QQ7aw3hblsSG1BjIA7lp9g",
    "expire_date": "2025-11-27T22:01:15.381Z"
  }
},
{
  "model": "sessions.session",
  "pk": "826geam2rfad134x63fgw6mvlbaeq7e3",
  "fields": {
    "session_data": ".eJxVi0kKwjAUhu-StZRmeGniUujeG4Q_EwlqhaYBQby7Cl3o9huezKFvxfWWVlcjOzLJ2eEXeoRLWr4GIdz7sg07acN8Q72e15Tr47RXf2tBK59PyJhHD0hLMqtMVoOCNoJE5JOFisYLPVEEJTVKg-AD2WQ0FDJXktjrDZ0XNeg:1vJ574:bbO5RyVfje8URnmCzlZ-KIrmdF5IFeeCNt933QtdkaE",
    "expire_date": "2025-11-26T07:17:54.530Z"
  }
},
{
  "model": "sessions.session",
  "pk": "8b1cvhhpxs8wur7j3mu0qef2jntmhm33",
  "fields": {
    "session_data": ".eJxVjMsOwiAQRf-FtSEMjyIu3fcbyAwMUjU0Ke3K-O_apAvd3nPOfYmI21rj1nmJUxYXAeL0uxGmB7cd5Du22yzT3NZlIrkr8qBdjnPm5_Vw_w4q9vqtUypDMKQ1mDN6Mk4pQEO2BOu9dZqztgAuE-NAgJwAAxdwxqArrJR4fwDYpTfd:1vJqpj:8VsrMWq_w3zHGNiglIybXJLmlJvb5mTkR3DcdgPQ6GQ",
    "expire_date": "2025-11-28T10:15:11.636Z"
  }
},
{
  "model": "sessions.session",
  "pk": "9z7unq4la24qe4g2eixbatz4k29jpqbl",
  "fields": {
    "session_data": "e30:1vK04z:UhEmwj8qvaRGMVb5YiP-ESW8yVh-QX04qKQxj9K-G50",
    "expire_date": "2025-11-28T20:07:33.892Z"
  }
},
{
  "model": "sessions.session",
  "pk": "a57d8oav97vom1pnle3pixlcoxd59nmg",
  "fields": {
    "session_data": "e30:1vJyfS:II0s-rqSw-RsXmdOYvOQjEtO71B_s_70HWK1n8i32d8",
    "expire_date": "2025-11-28T18:37:06.034Z"
  }
},
{
  "model": "sessions.session",
  "pk": "dcqf1ridsf3hi74q6kp587te5w7yl5n5",
  "fields": {
    "session_data": "e30:1vJfNP:Mlu2ufmLUjriCQ4TzXr3IK4YV0RyrptPxLvhpC54jDM",
    "expire_date": "2025-11-27T22:01:11.849Z"
  }
},
{
  "model": "sessions.session",
  "pk": "jkmmq2pwhxadg3ouwbfa7827ukgzrnd1",
  "fields": {
    "session_data": ".eJxVi0kKwjAUQO-StZQkjRlcCt17g5A_hAS1QtOAIN7dCl3o9g0vEVNfS-yNl1hJnIQ-isMvhIRXnr8mIT76vA47acN0T_V2WTjX53mv_taSWtk-ZghspSGVaXR6BCDO6AgDs3TjpgJpD8GRVmSQPLtkPShjyViUIN4f1UM3Ew:1vJPFx:xQK5feBlS4t_5I2foyAoUjhGq4nNgYorAcq8rsRjARY",
    "expire_date": "2025-11-27T04:48:25.185Z"
  }
},
{
  "model": "sessions.session",
  "pk": "lkuu82odomnnzugla685pyyf2bneqos6",
  "fields": {
    "session_data": ".eJxVjMsOwiAUBf-FtSFAkYdL934D4T4qVQNJaVfGf7dNutDtmZnzFimvS0lr5zlNJC7CnMXpd4SMT647oUeu9yax1WWeQO6KPGiXt0b8uh7u30HJvWw1M0R2ypIeafBmACAe0RNGZuWHDUUyAaIno8kiBfbZBdDWkXWoQHy-QCM5Mw:1vJRNn:tt8onlqkoHJYryLIUh3ycynNFTSoGvkQ-a1hJH913KU",
    "expire_date": "2025-11-27T07:04:39.015Z"
  }
},
{
  "model": "sessions.session",
  "pk": "loiv7eemwev419fz9oa41tg5pkjewh2o",
  "fields": {
    "session_data": ".eJxVi80KwjAMgN-lZxlN063To-DdNyhJk9KhTlhXEMR3V2EHvX4_TxOprSW2qkucxByMd2b3C5nSReevoZTubV67jdTudKPpel40T4_jVv2thWr5fA6tgBcHwErMgYDUY2AmJpBREHWfc8-296AJQAdRCIx2UDd6ZPN6A7z9NqQ:1vJfNQ:tu4xLqJmyrLz9u8wlu4yrzGzpN65Ikdi1YNWxvm73gY",
    "expire_date": "2025-11-27T22:01:12.315Z"
  }
},
{
  "model": "sessions.session",
  "pk": "nxjwpse02pfrgg4bwogfx6mitu5bi8i7",
  "fields": {
    "session_data": ".eJxVi0kKwjAUQO-StZQkjRlcCt17g5A_hAS1QtOAIN7dCl3o9g0vEVNfS-yNl1hJnIQ-isMvhIRXnr8mIT76vA47acN0T_V2WTjX53mv_taSWtk-ZghspSGVaXR6BCDO6AgDs3TjpgJpD8GRVmSQPLtkPShjyViUIN4f1UM3Ew:1vID7q:TjKwQZOPc65Wcl_mkwhFTb7RT5DXS1vYOozfUJ905fo",
    "expire_date": "2025-11-23T21:39:06.285Z"
  }
},
{
  "model": "sessions.session",
  "pk": "p502hme6xbm5d648ojjegon02tyavjje",
  "fields": {
    "session_data": ".eJxVi0kKwjAUQO-StZQkjRlcCt17g5A_hAS1QtOAIN7dCl3o9g0vEVNfS-yNl1hJnIQ-isMvhIRXnr8mIT76vA47acN0T_V2WTjX53mv_taSWtk-ZghspSGVaXR6BCDO6AgDs3TjpgJpD8GRVmSQPLtkPShjyViUIN4f1UM3Ew:1vIDeb:2_95VLADGkMOvH9-QuZbTDlMME3hqCwHS3MlyLEjwAQ",
    "expire_date": "2025-11-23T22:12:57.850Z"
  }
},
{
  "model": "sessions.session",
  "pk": "qsw163pw7cw7irbn0m7nnbbi0wdukni8",
  "fields": {
    "session_data": "e30:1vJhsl:05jg-86k8ealoDAubj1BuMD4QNTvypuYudGINO5nsZk",
    "expire_date": "2025-11-28T00:41:43.578Z"
  }
},
{
  "model": "sessions.session",
  "pk": "rso819r91m93i6r7jippfyd5u35vups5",
  "fields": {
    "session_data": ".eJxVjl1vgjAYhf9Lr51pCwX0jn3oppkzTMBsWUg_XkaFgdKiZMb_PpZ4sd2e8zwn54wy3tki6wy0mVZoilyKRn9DwWUJ9W_DpWy62o6viRk_fHFdrVvIdX97pf6pBTfF4FEHK-IqSogALoTPCQfX8YXgghMVKMeBSZ4zgZlLQBICngLiCwd7QAPXEcOoaaTm1fVAZiy3YND0jDbR3eeiL_H9IehduTig6fsZ7dtGghl6VDWfuh50xS1H07qrqhHalxIy2SjIjtDqXEM7gGWaJUci4mbH0nVa4GT5ODvlS1Np9sJIH9pkLvDzd0Cox9Yb7e2SWSYJi-N4AG5UmNZYHftTHS6iMIIttixlbxGtVk_f8zs76cQtXTXhq9-zr-1qm2zI4UUeTk83dh_vrb436DIivucQRieTYOzTAFOPflwuPyCyiFg:1vK0da:fMiPqXc2TRe_NzwjhtTX6kcx0hCNNDI9WopFgWk23N8",
    "expire_date": "2025-11-28T20:43:18.730Z"
  }
},
{
  "model": "sessions.session",
  "pk": "u7bvsd86r3i1ioju8d9fllumr496glbi",
  "fields": {
    "session_data": ".eJxVi0kKwjAUQO-StZQkjRlcCt17g5A_hAS1QtOAIN7dCl3o9g0vEVNfS-yNl1hJnIQ-isMvhIRXnr8mIT76vA47acN0T_V2WTjX53mv_taSWtk-ZghspSGVaXR6BCDO6AgDs3TjpgJpD8GRVmSQPLtkPShjyViUIN4f1UM3Ew:1vJhsb:x7ITw9lP_AbkljyRm8grjYQVFO0uDj7YhYjZ5RzPJJ4",
    "expire_date": "2025-11-28T00:41:33.301Z"
  }
},
{
  "model": "sessions.session",
  "pk": "usedplb1qb0qedkb7chujt07sh155a3h",
  "fields": {
    "session_data": ".eJxVi0kKwjAUQO-StRSSpvnGpeDeG4Q_hQS1QtOAIN5dhS50-4anSdjXknrTJVUxB-PA7H4hIV90_hpkvvd5HTbShtMN6_W8aK6P41b9rQVb-Xw-qhPHFBFjFMpgAVwg7yAog4jLnjPB5K2SH5GnEEZiK1YFM8vevN6_nDc_:1vJfA1:NkmBcDYsf9n6g-ICx6tqIa0CHtqtpWOet0_HMsi9GFg",
    "expire_date": "2025-11-27T21:47:21.130Z"
  }
},
{
  "model": "sessions.session",
  "pk": "xmh2io2u14o8z19mlgwm25ftuv38x3ct",
  "fields": {
    "session_data": ".eJwNyttOgzAAANB_6TMzRRgU3paNiwwjunQTjWma0mG5dVBwXMK_u-dzFqAkE7SijMmh6Ynqac8VcBeQ9AhxExko9jgv9wFwvxdw6yTj6uGgkrlogAYy2lPgNkNVaeBWMk6YzDj54524Ct494j6RTlS0v7zzrInUue2n5cTOp1zFM8R1rEP_xa_x2w6V0-XVn-2oteiuzxLB7hsWXYn_Ned4tIoxCkzdTqM4ZM0RH9X9-RR-4ps6QILa6qNOqcOyUIThe-Cd5WXA0WEzDgVYNd22DKg70Ng-ORBCy9z-rOs_GopTJg:1vJRmt:xLsPH7Ii-uVSW_tNZH7pMcBxG3-H-xGkNu3fK04r9Pw",
    "expire_date": "2025-11-27T07:30:35.900Z"
  }
},
{
  "model": "sites.site",
  "fields": {
    "domain": "example.com",
    "name": "example.com"
  }
},
{
  "model": "pcheck_account.profile",
  "pk": 1,
  "fields": {
    "user": [
      "admin"
    ],
    "role": null,
    "college": 1,
    "course": "BSIT",
    "year": "4th",
    "block": "B2",
    "school_id": null,
    "profile_picture": "profile_pictures/562662383_1322102066060663_7479783745558464868_n.jpg"
  }
},
{
  "model": "pcheck_account.profile",
  "pk": 12,
  "fields": {
    "user": [
      "202220622@psu.palawan.edu.ph"
    ],
    "role": "student",
    "college": null,
    "course": "BS Accountancy",
    "year": "4th ",
    "block": "1",
    "school_id": "202220622",
    "profile_picture": "profile_pictures/profile_12.jpg"
  }
},
{
  "model": "pcheck_account.profile",
  "pk": 23,
  "fields": {
    "user": [
      "202280348@psu.palawan.edu.ph"
    ],
    "role": "student",
    "college": 1,
    "course": "Computer Science",
    "year": "4",
    "block": "",
    "school_id": "202280348",
    "profile_picture": ""
  }
},
{
  "model": "pcheck_account.profile",
  "pk": 24,
  "fields": {
    "user": [
      "pcheck_support"
    ],
    "role": null,
    "college": null,
    "course": null,
    "year": null,
    "block": null,
    "school_id": null,
    "profile_picture": ""
  }
},
{
  "model": "pcheck_account.profile",
  "pk": 25,
  "fields": {
    "user": [
      "202280102@psu.palawan.edu.ph"
    ],
    "role": "faculty",
    "college": 1,
    "course": "",
    "year": "",
    "block": "",
    "school_id": "202280102",
    "profile_picture": "profile_pictures/att.gdM8y2neVM71EemGrf_EEFikciViz2NRq4LxbBK5HQI.jpeg"
  }
},
{
  "model": "pcheck_account.profile",
  "pk": 26,
  "fields": {
    "user": [
      "202280128@psu.palawan.edu.ph"
    ],
    "role": "student",
    "college": 1,
    "course": "BSIT",
    "year": "4th",
    "block": "B2",
    "school_id": "202280128",
    "profile_picture": ""
  }
},
{
  "model": "pcheck_account.profile",
  "pk": 27,
  "fields": {
    "user": [
      "202280127@psu.palawan.edu.ph"
    ],
    "role": "student",
    "college": null,
    "course": "BSN",
    "year": "2nd",
    "block": "2A",
    "school_id": "202280127",
    "profile_picture": "profile_pictures/553308935_4162613837327306_3477153118655908978_n_d4GGeya.jpg"
  }
},
{
  "model": "pcheck_account.profile",
  "pk": 28,
  "fields": {
    "user": [
      "201880524@psu.palawan.edu.ph"
    ],
    "role": "student",
    "college": 1,
    "course": "BSIT",
    "year": "3RD YEAR",
    "block": "B2",
    "school_id": "201880524",
    "profile_picture": ""
  }
},
{
  "model": "pcheck_account.profile",
  "pk": 29,
  "fields": {
    "user": [
      "202480070@psu.palawan.edu.ph"
    ],
    "role": "student",
    "college": 1,
    "course": "BSIT",
    "year": "2nd year",
    "block": "Block 1",
    "school_id": "202480070",
    "profile_picture": ""
  }
},
{
  "model": "pcheck_account.profile",
  "pk": 30,
  "fields": {
    "user": [
      "202280385@psu.palawan.edu.ph"
    ],
    "role": "student",
    "college": 1,
    "course": "Information Technology ",
    "year": "4th Year ",
    "block": "B3",
    "school_id": "202280385",
    "profile_picture": ""
  }
},
{
  "model": "pcheck_account.profile",
  "pk": 31,
  "fields": {
    "user": [
      "202520620@psu.palawan.edu.ph"
    ],
    "role": "student",
    "college": null,
    "course": "BS Business Administration ",
    "year": "1st year",
    "block": "MM 1-1",
    "school_id": "202520620",
    "profile_picture": ""
  }
},
{
  "model": "pcheck_account.profile",
  "pk": 32,
  "fields": {
    "user": [
      "202310217@psu.palawan.edu.ph"
    ],
    "role": "student",
    "college": 4,
    "course": "BA-Communication",
    "year": "2nd year",
    "block": "Block-2A",
    "school_id": "202310217",
    "profile_picture": ""
  }
},
{
  "model": "pcheck_account.profile",
  "pk": 33,
  "fields": {
    "user": [
      "202310406@psu.palawan.edu.ph"
    ],
    "role": "student",
    "college": 4,
    "course": "BA COMMUNICATION",
    "year": "2nd year",
    "block": "2",
    "school_id": "202310406",
    "profile_picture": ""
  }
},
{
  "model": "pcheck_account.profile",
  "pk": 34,
  "fields": {
    "user": [
      "202080107@psu.palawan.edu.ph"
    ],
    "role": "student",
    "college": 1,
    "course": "IT",
    "year": "4",
    "block": "1A",
    "school_id": "202080107",
    "profile_picture": ""
  }
},
{
  "model": "pcheck_account.profile",
  "pk": 35,
  "fields": {
    "user": [
      "201940243@psu.palawan.edu.ph"
    ],
    "role": "student",
    "college": 1,
    "course": "BSIT",
    "year": "4th Year",
    "block": "3",
    "school_id": "201940243",
    "profile_picture": ""
  }
},
{
  "model": "pcheck_account.profile",
  "pk": 36,
  "fields": {
    "user": [
      "202480096@psu.palawan.edu.ph"
    ],
    "role": "student",
    "college": 1,
    "course": "BSIT",
    "year": "2nd year",
    "block": "B1",
    "school_id": "202480096",
    "profile_picture": ""
  }
},
{
  "model": "pcheck_account.profile",
  "pk": 37,
  "fields": {
    "user": [
      "201720022@psu.palawan.edu.ph"
    ],
    "role": "student",
    "college": 1,
    "course": "BSIT",
    "year": "4th Year",
    "block": "3",
    "school_id": "201720022",
    "profile_picture": ""
  }
},
{
  "model": "pcheck_account.profile",
  "pk": 38,
  "fields": {
    "user": [
      "202510154@psu.palawan.edu.ph"
    ],
    "role": "student",
    "college": 4,
    "course": "Psychology ",
    "year": "1st year",
    "block": "1r",
    "school_id": "202510154",
    "profile_picture": ""
  }
},
{
  "model": "pcheck_account.profile",
  "pk": 40,
  "fields": {
    "user": [
      "202280086@psu.palawan.edu.ph"
    ],
    "role": "student",
    "college": 1,
    "course": "BSIT",
    "year": "4th Year",
    "block": "2",
    "school_id": "202280086",
    "profile_picture": ""
  }
},
{
  "model": "pcheck_account.profile",
  "pk": 43,
  "fields": {
    "user": [
      "202280287@psu.palawan.edu.ph"
    ],
    "role": "staff",
    "college": 1,
    "course": "",
    "year": "",
    "block": "",
    "school_id": "202280287",
    "profile_picture": "profile_pictures/profile_43.jpg"
  }
},
{
  "model": "main_app.college",
  "pk": 1,
  "fields": {
    "name": "College of Sciences",
    "description": null
  }
},
{
  "model": "main_app.college",
  "pk": 4,
  "fields": {
    "name": "College of Arts and Humanities",
    "description": null
  }
},
{
  "model": "main_app.college",
  "pk": 6,
  "fields": {
    "name": "College of Business and Accountancy",
    "description": null
  }
},
{
  "model": "main_app.college",
  "pk": 7,
  "fields": {
    "name": "College of Engineering, Architecture and Technology",
    "description": null
  }
},
{
  "model": "main_app.college",
  "pk": 8,
  "fields": {
    "name": "College of Hospitality Management and Tourism",
    "description": null
  }
},
{
  "model": "main_app.college",
  "pk": 9,
  "fields": {
    "name": "College of Nursing and Health Sciences",
    "description": null
  }
},
{
  "model": "main_app.college",
  "pk": 10,
  "fields": {
    "name": "College of Teacher Education",
    "description": null
  }
},
{
  "model": "main_app.college",
  "pk": 11,
  "fields": {
    "name": "College of Criminal Justice Education",
    "description": null
  }
},
{
  "model": "main_app.course",
  "pk": 1,
  "fields": {
    "name": "Bachelor of Arts in Communication",
    "college": 4,
    "duration": 4
  }
},
{
  "model": "main_app.course",
  "pk": 2,
  "fields": {
    "name": "Bachelor of Arts in Political Science",
    "college": 4,
    "duration": 4
  }
},
{
  "model": "main_app.course",
  "pk": 3,
  "fields": {
    "name": "Bachelor of Arts in Philippine Studies",
    "college": 4,
    "duration": 4
  }
},
{
  "model": "main_app.course",
  "pk": 4,
  "fields": {
    "name": "Bachelor of Science in Psychology — Clinical Psychology Track",
    "college": 4,
    "duration": 4
  }
},
{
  "model": "main_app.course",
  "pk": 5,
  "fields": {
    "name": "Bachelor of Science in Psychology — Industrial/Organizational Track",
    "college": 4,
    "duration": 4
  }
},
{
  "model": "main_app.course",
  "pk": 6,
  "fields": {
    "name": "Bachelor of Science in Social Work",
    "college": 4,
    "duration": 4
  }
},
{
  "model": "main_app.course",
  "pk": 7,
  "fields": {
    "name": "Bachelor of Science in Accountancy",
    "college": 6,
    "duration": 5
  }
},
{
  "model": "main_app.course",
  "pk": 8,
  "fields": {
    "name": "Bachelor of Science in Business Administration (major in Human Resource Management)",
    "college": 6,
    "duration": 4
  }
},
{
  "model": "main_app.course",
  "pk": 9,
  "fields": {
    "name": "Bachelor of Science in Business Administration (major in Business Economics)",
    "college": 6,
    "duration": 4
  }
},
{
  "model": "main_app.course",
  "pk": 10,
  "fields": {
    "name": "Bachelor of Science in Business Administration (major in Financial Management)",
    "college": 6,
    "duration": 4
  }
},
{
  "model": "main_app.course",
  "pk": 11,
  "fields": {
    "name": "Bachelor of Science in Business Administration (major in Marketing Management)",
    "college": 6,
    "duration": 4
  }
},
{
  "model": "main_app.course",
  "pk": 12,
  "fields": {
    "name": "Bachelor of Science in Entrepreneurship – Franchising and Trading Track",
    "college": 6,
    "duration": 4
  }
},
{
  "model": "main_app.course",
  "pk": 13,
  "fields": {
    "name": "Bachelor of Science in Entrepreneurship – Agri-business Track",
    "college": 6,
    "duration": 4
  }
},
{
  "model": "main_app.course",
  "pk": 14,
  "fields": {
    "name": "Bachelor of Science in Entrepreneurship – Innovation & Technology Track",
    "college": 6,
    "duration": 4
  }
},
{
  "model": "main_app.course",
  "pk": 15,
  "fields": {
    "name": "Bachelor of Science in Public Administration",
    "college": 6,
    "duration": 4
  }
},
{
  "model": "main_app.course",
  "pk": 16,
  "fields": {
    "name": "Bachelor of Science in Management Accounting",
    "college": 6,
    "duration": 4
  }
},
{
  "model": "main_app.course",
  "pk": 17,
  "fields": {
    "name": "Bachelor of Science in Criminology",
    "college": 11,
    "duration": 4
  }
},
{
  "model": "main_app.course",
  "pk": 18,
  "fields": {
    "name": "Bachelor of Science in Architecture",
    "college": 7,
    "duration": 5
  }
},
{
  "model": "main_app.course",
  "pk": 19,
  "fields": {
    "name": "Bachelor of Science in Civil Engineering",
    "college": 7,
    "duration": 5
  }
},
{
  "model": "main_app.course",
  "pk": 20,
  "fields": {
    "name": "Bachelor of Science in Electrical Engineering",
    "college": 7,
    "duration": 5
  }
},
{
  "model": "main_app.course",
  "pk": 21,
  "fields": {
    "name": "Bachelor of Science in Mechanical Engineering",
    "college": 7,
    "duration": 5
  }
},
{
  "model": "main_app.course",
  "pk": 22,
  "fields": {
    "name": "Bachelor of Science in Petroleum Engineering",
    "college": 7,
    "duration": 5
  }
},
{
  "model": "main_app.course",
  "pk": 23,
  "fields": {
    "name": "Bachelor of Science in Hospitality Management – Culinary Arts & Kitchen Management Track",
    "college": 8,
    "duration": 4
  }
},
{
  "model": "main_app.course",
  "pk": 24,
  "fields": {
    "name": "Bachelor of Science in Hospitality Management – Hotel Resort & Club Management Track",
    "college": 8,
    "duration": 4
  }
},
{
  "model": "main_app.course",
  "pk": 25,
  "fields": {
    "name": "Bachelor of Science in Tourism Management",
    "college": 8,
    "duration": 4
  }
},
{
  "model": "main_app.course",
  "pk": 26,
  "fields": {
    "name": "Bachelor of Science in Nursing",
    "college": 9,
    "duration": 4
  }
},
{
  "model": "main_app.course",
  "pk": 27,
  "fields": {
    "name": "Bachelor of Science in Midwifery",
    "college": 9,
    "duration": 4
  }
},
{
  "model": "main_app.course",
  "pk": 28,
  "fields": {
    "name": "Diploma in Midwifery",
    "college": 9,
    "duration": 2
  }
},
{
  "model": "main_app.course",
  "pk": 29,
  "fields": {
    "name": "Bachelor of Science in Biology (major in Medical Biology / Preparatory Medicine)",
    "college": 1,
    "duration": 4
  }
},
{
  "model": "main_app.course",
  "pk": 30,
  "fields": {
    "name": "Bachelor of Science in Marine Biology",
    "college": 1,
    "duration": 4
  }
},
{
  "model": "main_app.course",
  "pk": 31,
  "fields": {
    "name": "Bachelor of Science in Computer Science",
    "college": 1,
    "duration": 4
  }
},
{
  "model": "main_app.course",
  "pk": 32,
  "fields": {
    "name": "Bachelor of Science in Environmental Science",
    "college": 1,
    "duration": 4
  }
},
{
  "model": "main_app.course",
  "pk": 33,
  "fields": {
    "name": "Bachelor of Science in Information Technology",
    "college": 1,
    "duration": 4
  }
},
{
  "model": "main_app.course",
  "pk": 34,
  "fields": {
    "name": "Bachelor of Elementary Education",
    "college": 10,
    "duration": 4
  }
},
{
  "model": "main_app.course",
  "pk": 35,
  "fields": {
    "name": "Bachelor of Secondary Education (major in English)",
    "college": 10,
    "duration": 4
  }
},
{
  "model": "main_app.course",
  "pk": 36,
  "fields": {
    "name": "Bachelor of Secondary Education (major in Filipino)",
    "college": 10,
    "duration": 4
  }
},
{
  "model": "main_app.course",
  "pk": 37,
  "fields": {
    "name": "Bachelor of Secondary Education (major in Mathematics)",
    "college": 10,
    "duration": 4
  }
},
{
  "model": "main_app.course",
  "pk": 38,
  "fields": {
    "name": "Bachelor of Secondary Education (major in Science)",
    "college": 10,
    "duration": 4
  }
},
{
  "model": "main_app.course",
  "pk": 39,
  "fields": {
    "name": "Bachelor of Secondary Education (major in Social Studies)",
    "college": 10,
    "duration": 4
  }
},
{
  "model": "main_app.course",
  "pk": 40,
  "fields": {
    "name": "Bachelor of Secondary Education (major in Values Education)",
    "college": 10,
    "duration": 4
  }
},
{
  "model": "main_app.course",
  "pk": 41,
  "fields": {
    "name": "Bachelor of Physical Education",
    "college": 10,
    "duration": 4
  }
},
{
  "model": "main_app.pc",
  "pk": 1,
  "fields": {
    "name": "PC1",
    "ip_address": "192.168.137.238",
    "status": "connected",
    "system_condition": "active",
    "sort_number": "001",
    "booking_status": "available"
  }
},
{
  "model": "main_app.pc",
  "pk": 3,
  "fields": {
    "name": "MARK",
    "ip_address": "192.168.137.218",
    "status": "connected",
    "system_condition": "active",
    "sort_number": "000",
    "booking_status": "available"
  }
},
{
  "model": "main_app.facultybooking",
  "pk": 3,
  "fields": {
    "faculty": [
      "202280102@psu.palawan.edu.ph"
    ],
    "college": 1,
    "course": "BSIT",
    "block": "B2",
    "start_datetime": "2025-11-11T01:45:00Z",
    "end_datetime": "2025-11-11T01:50:00Z",
    "num_of_devices": 1,
    "file": "bookings_attachments/Gemini_Generated_Image_dygoyedygoyedygo_Cvhuoi0.png",
    "email_addresses": "202280128@psu.palawan.edu.ph",
    "status": "cancelled",
    "created_at": "2025-11-10T17:41:47.397Z"
  }
},
{
  "model": "main_app.facultybooking",
  "pk": 4,
  "fields": {
    "faculty": [
      "202280102@psu.palawan.edu.ph"
    ],
    "college": 1,
    "course": "BSIT",
    "block": "B2",
    "start_datetime": "2025-11-11T02:00:00Z",
    "end_datetime": "2025-11-11T02:30:00Z",
    "num_of_devices": 1,
    "file": "bookings_attachments/transactions-month.png",
    "email_addresses": "202280128@psu.palawan.edu.ph",
    "status": "cancelled",
    "created_at": "2025-11-10T17:58:04.422Z"
  }
},
{
  "model": "main_app.facultybooking",
  "pk": 5,
  "fields": {
    "faculty": [
      "202280102@psu.palawan.edu.ph"
    ],
    "college": 1,
    "course": "BSIT",
    "block": "B2",
    "start_datetime": "2025-11-11T02:10:00Z",
    "end_datetime": "2025-11-11T03:00:00Z",
    "num_of_devices": 1,
    "file": "bookings_attachments/Gemini_Generated_Image_dygoyedygoyedygo_uB9IG8q.png",
    "email_addresses": "202280127@psu.palawan.edu.ph",
    "status": "cancelled",
    "created_at": "2025-11-10T18:08:35.609Z"
  }
},
{
  "model": "main_app.facultybooking",
  "pk": 6,
  "fields": {
    "faculty": [
      "202280102@psu.palawan.edu.ph"
    ],
    "college": 1,
    "course": "BSIT",
    "block": "B2",
    "start_datetime": "2025-11-11T02:20:00Z",
    "end_datetime": "2025-11-11T03:20:00Z",
    "num_of_devices": 1,
    "file": "bookings_attachments/Gemini_Generated_Image_dygoyedygoyedygo_fFh35dP.png",
    "email_addresses": "202280127@psu.palawan.edu.ph",
    "status": "confirmed",
    "created_at": "2025-11-10T18:14:42.294Z"
  }
},
{
  "model": "main_app.facultybooking",
  "pk": 8,
  "fields": {
    "faculty": [
      "202280102@psu.palawan.edu.ph"
    ],
    "college": 1,
    "course": "Information Technology ",
    "block": "B2",
    "start_datetime": "2025-11-12T13:43:00Z",
    "end_datetime": "2025-11-12T13:44:00Z",
    "num_of_devices": 1,
    "file": "bookings_attachments/GCash-639123224980-10112025172758.PNG.jpg",
    "email_addresses": "202280127@psu.palawan.edu.ph",
    "status": "confirmed",
    "created_at": "2025-11-12T05:45:40.034Z"
  }
},
{
  "model": "main_app.facultybooking",
  "pk": 9,
  "fields": {
    "faculty": [
      "202280102@psu.palawan.edu.ph"
    ],
    "college": 1,
    "course": "BSIT",
    "block": "B2",
    "start_datetime": "2025-11-14T22:23:00Z",
    "end_datetime": "2025-11-15T22:23:00Z",
    "num_of_devices": 2,
    "file": "",
    "email_addresses": "202280287@psu.palawan.edu.ph",
    "status": "cancelled",
    "created_at": "2025-11-14T15:15:16.779Z"
  }
},
{
  "model": "main_app.facultybooking",
  "pk": 10,
  "fields": {
    "faculty": [
      "202280102@psu.palawan.edu.ph"
    ],
    "college": 1,
    "course": "BSIT",
    "block": "B2",
    "start_datetime": "2025-11-14T23:27:00Z",
    "end_datetime": "2025-11-15T23:27:00Z",
    "num_of_devices": 2,
    "file": "",
    "email_addresses": "202280287@psu.palawan.edu.ph",
    "status": "cancelled",
    "created_at": "2025-11-14T15:28:24.349Z"
  }
},
{
  "model": "main_app.facultybooking",
  "pk": 11,
  "fields": {
    "faculty": [
      "202280102@psu.palawan.edu.ph"
    ],
    "college": 1,
    "course": "BSIT",
    "block": "B2",
    "start_datetime": "2025-11-14T23:58:00Z",
    "end_datetime": "2025-11-15T23:58:00Z",
    "num_of_devices": 2,
    "file": "bookings_attachments/prospectus.pdf",
    "email_addresses": "202280287@psu.palawan.edu.ph",
    "status": "cancelled",
    "created_at": "2025-11-14T15:59:19.793Z"
  }
},
{
  "model": "main_app.booking",
  "pk": 5,
  "fields": {
    "user": [
      "202280348@psu.palawan.edu.ph"
    ],
    "pc": 1,
    "faculty_booking": null,
    "start_time": "2025-11-07T14:34:16.337Z",
    "end_time": "2025-11-07T15:34:16.337Z",
    "status": "cancelled",
    "duration": "01:00:00",
    "expiry": "2025-11-07T15:34:16.337Z",
    "created_at": "2025-11-07T14:33:08.927Z",
    "updated_at": "2025-11-07T14:34:22.544Z"
  }
},
{
  "model": "main_app.booking",
  "pk": 6,
  "fields": {
    "user": [
      "202280348@psu.palawan.edu.ph"
    ],
    "pc": 1,
    "faculty_booking": null,
    "start_time": "2025-11-07T14:45:38.990Z",
    "end_time": "2025-11-07T15:15:38.990Z",
    "status": "cancelled",
    "duration": "00:30:00",
    "expiry": "2025-11-07T15:15:38.990Z",
    "created_at": "2025-11-07T14:37:16.791Z",
    "updated_at": "2025-11-07T14:48:10.425Z"
  }
},
{
  "model": "main_app.booking",
  "pk": 7,
  "fields": {
    "user": [
      "202280102@psu.palawan.edu.ph"
    ],
    "pc": 1,
    "faculty_booking": null,
    "start_time": "2025-11-09T20:05:09.513Z",
    "end_time": "2025-11-09T20:35:09.513Z",
    "status": "cancelled",
    "duration": "00:30:00",
    "expiry": "2025-11-09T20:35:09.513Z",
    "created_at": "2025-11-09T20:04:52.473Z",
    "updated_at": "2025-11-09T20:08:37.251Z"
  }
},
{
  "model": "main_app.booking",
  "pk": 8,
  "fields": {
    "user": [
      "202280102@psu.palawan.edu.ph"
    ],
    "pc": 1,
    "faculty_booking": null,
    "start_time": "2025-11-09T20:09:03.053Z",
    "end_time": "2025-11-09T20:39:03.053Z",
    "status": "cancelled",
    "duration": "00:30:00",
    "expiry": "2025-11-09T20:39:03.053Z",
    "created_at": "2025-11-09T20:08:43.283Z",
    "updated_at": "2025-11-09T20:17:52.567Z"
  }
},
{
  "model": "main_app.booking",
  "pk": 9,
  "fields": {
    "user": [
      "202280128@psu.palawan.edu.ph"
    ],
    "pc": 1,
    "faculty_booking": null,
    "start_time": "2025-11-09T20:18:21.936Z",
    "end_time": "2025-11-09T20:48:21.936Z",
    "status": "cancelled",
    "duration": "00:30:00",
    "expiry": "2025-11-09T20:48:21.936Z",
    "created_at": "2025-11-09T20:18:06.753Z",
    "updated_at": "2025-11-09T20:22:42.775Z"
  }
},
{
  "model": "main_app.booking",
  "pk": 10,
  "fields": {
    "user": [
      "202280102@psu.palawan.edu.ph"
    ],
    "pc": 1,
    "faculty_booking": null,
    "start_time": "2025-11-09T20:23:08.109Z",
    "end_time": "2025-11-09T20:53:08.109Z",
    "status": "cancelled",
    "duration": "00:30:00",
    "expiry": "2025-11-09T20:53:08.109Z",
    "created_at": "2025-11-09T20:22:52.443Z",
    "updated_at": "2025-11-09T20:34:04.582Z"
  }
},
{
  "model": "main_app.booking",
  "pk": 11,
  "fields": {
    "user": [
      "202280128@psu.palawan.edu.ph"
    ],
    "pc": 1,
    "faculty_booking": null,
    "start_time": "2025-11-09T20:34:59.238Z",
    "end_time": "2025-11-09T21:04:59.238Z",
    "status": "cancelled",
    "duration": "00:30:00",
    "expiry": "2025-11-09T21:04:59.238Z",
    "created_at": "2025-11-09T20:34:34.038Z",
    "updated_at": "2025-11-09T20:40:53.117Z"
  }
},
{
  "model": "main_app.booking",
  "pk": 12,
  "fields": {
    "user": [
      "202280128@psu.palawan.edu.ph"
    ],
    "pc": 1,
    "faculty_booking": null,
    "start_time": "2025-11-09T20:41:23.368Z",
    "end_time": "2025-11-09T21:41:23.368Z",
    "status": "cancelled",
    "duration": "00:30:00",
    "expiry": "2025-11-09T21:41:23.368Z",
    "created_at": "2025-11-09T20:41:08.802Z",
    "updated_at": "2025-11-09T20:44:54.692Z"
  }
},
{
  "model": "main_app.booking",
  "pk": 13,
  "fields": {
    "user": [
      "202280102@psu.palawan.edu.ph"
    ],
    "pc": 1,
    "faculty_booking": null,
    "start_time": "2025-11-09T20:49:18.182Z",
    "end_time": "2025-11-09T21:19:18.182Z",
    "status": "cancelled",
    "duration": "00:30:00",
    "expiry": "2025-11-09T21:19:18.182Z",
    "created_at": "2025-11-09T20:45:01.041Z",
    "updated_at": "2025-11-09T20:49:26.963Z"
  }
},
{
  "model": "main_app.booking",
  "pk": 14,
  "fields": {
    "user": [
      "202280102@psu.palawan.edu.ph"
    ],
    "pc": 1,
    "faculty_booking": null,
    "start_time": "2025-11-09T20:45:19.123Z",
    "end_time": "2025-11-09T21:15:19.123Z",
    "status": "cancelled",
    "duration": "00:30:00",
    "expiry": "2025-11-09T21:15:19.123Z",
    "created_at": "2025-11-09T20:45:01.074Z",
    "updated_at": "2025-11-09T20:48:45.515Z"
  }
},
{
  "model": "main_app.booking",
  "pk": 15,
  "fields": {
    "user": [
      "202280128@psu.palawan.edu.ph"
    ],
    "pc": 1,
    "faculty_booking": null,
    "start_time": "2025-11-09T20:50:03.982Z",
    "end_time": "2025-11-09T21:20:03.982Z",
    "status": "cancelled",
    "duration": "00:30:00",
    "expiry": "2025-11-09T21:20:03.982Z",
    "created_at": "2025-11-09T20:49:46.107Z",
    "updated_at": "2025-11-09T21:05:04.221Z"
  }
},
{
  "model": "main_app.booking",
  "pk": 16,
  "fields": {
    "user": [
      "202280128@psu.palawan.edu.ph"
    ],
    "pc": 1,
    "faculty_booking": null,
    "start_time": "2025-11-09T21:10:41.734Z",
    "end_time": "2025-11-09T21:40:41.734Z",
    "status": "cancelled",
    "duration": "00:30:00",
    "expiry": "2025-11-09T21:40:41.734Z",
    "created_at": "2025-11-09T21:10:27.417Z",
    "updated_at": "2025-11-09T21:13:42.497Z"
  }
},
{
  "model": "main_app.booking",
  "pk": 17,
  "fields": {
    "user": [
      "202280128@psu.palawan.edu.ph"
    ],
    "pc": 1,
    "faculty_booking": null,
    "start_time": "2025-11-09T21:15:10.969Z",
    "end_time": "2025-11-09T21:45:10.969Z",
    "status": "cancelled",
    "duration": "00:30:00",
    "expiry": "2025-11-09T21:45:10.969Z",
    "created_at": "2025-11-09T21:14:51.337Z",
    "updated_at": "2025-11-09T21:35:00.896Z"
  }
},
{
  "model": "main_app.booking",
  "pk": 18,
  "fields": {
    "user": [
      "202280128@psu.palawan.edu.ph"
    ],
    "pc": 1,
    "faculty_booking": null,
    "start_time": "2025-11-09T21:37:04.255Z",
    "end_time": "2025-11-09T22:07:04.255Z",
    "status": "cancelled",
    "duration": "00:30:00",
    "expiry": "2025-11-09T22:07:04.255Z",
    "created_at": "2025-11-09T21:36:26.987Z",
    "updated_at": "2025-11-09T21:50:22.333Z"
  }
},
{
  "model": "main_app.booking",
  "pk": 19,
  "fields": {
    "user": [
      "202280128@psu.palawan.edu.ph"
    ],
    "pc": 1,
    "faculty_booking": null,
    "start_time": "2025-11-09T22:22:08.807Z",
    "end_time": "2025-11-09T22:52:08.807Z",
    "status": "cancelled",
    "duration": "00:30:00",
    "expiry": "2025-11-09T22:52:08.807Z",
    "created_at": "2025-11-09T22:20:32.106Z",
    "updated_at": "2025-11-09T22:22:42.283Z"
  }
},
{
  "model": "main_app.booking",
  "pk": 20,
  "fields": {
    "user": [
      "202280128@psu.palawan.edu.ph"
    ],
    "pc": 1,
    "faculty_booking": null,
    "start_time": "2025-11-09T22:23:47.913Z",
    "end_time": "2025-11-09T22:53:47.913Z",
    "status": "cancelled",
    "duration": "00:30:00",
    "expiry": "2025-11-09T22:53:47.913Z",
    "created_at": "2025-11-09T22:22:53.832Z",
    "updated_at": "2025-11-09T22:24:07.837Z"
  }
},
{
  "model": "main_app.booking",
  "pk": 22,
  "fields": {
    "user": [
      "202280127@psu.palawan.edu.ph"
    ],
    "pc": 1,
    "faculty_booking": null,
    "start_time": "2025-11-10T20:08:43.150Z",
    "end_time": "2025-11-10T20:38:43.150Z",
    "status": "cancelled",
    "duration": "00:30:00",
    "expiry": "2025-11-10T20:38:43.150Z",
    "created_at": "2025-11-10T20:08:03.950Z",
    "updated_at": "2025-11-10T20:08:53.546Z"
  }
},
{
  "model": "main_app.booking",
  "pk": 23,
  "fields": {
    "user": [
      "202280102@psu.palawan.edu.ph"
    ],
    "pc": 1,
    "faculty_booking": null,
    "start_time": "2025-11-11T18:25:14.878Z",
    "end_time": "2025-11-11T18:55:14.878Z",
    "status": "cancelled",
    "duration": "00:30:00",
    "expiry": "2025-11-11T18:55:14.878Z",
    "created_at": "2025-11-11T18:24:20.109Z",
    "updated_at": "2025-11-11T18:25:30.713Z"
  }
},
{
  "model": "main_app.booking",
  "pk": 24,
  "fields": {
    "user": [
      "202280102@psu.palawan.edu.ph"
    ],
    "pc": 1,
    "faculty_booking": null,
    "start_time": "2025-11-11T18:27:42.538Z",
    "end_time": "2025-11-11T18:57:42.538Z",
    "status": "cancelled",
    "duration": "00:30:00",
    "expiry": "2025-11-11T18:57:42.538Z",
    "created_at": "2025-11-11T18:25:35.600Z",
    "updated_at": "2025-11-11T18:27:49.556Z"
  }
},
{
  "model": "main_app.booking",
  "pk": 25,
  "fields": {
    "user": [
      "202280102@psu.palawan.edu.ph"
    ],
    "pc": 1,
    "faculty_booking": null,
    "start_time": "2025-11-11T18:29:21.440Z",
    "end_time": "2025-11-11T18:59:21.440Z",
    "status": "cancelled",
    "duration": "00:30:00",
    "expiry": "2025-11-11T18:59:21.440Z",
    "created_at": "2025-11-11T18:28:00.569Z",
    "updated_at": "2025-11-11T18:29:27.281Z"
  }
},
{
  "model": "main_app.booking",
  "pk": 26,
  "fields": {
    "user": [
      "202280102@psu.palawan.edu.ph"
    ],
    "pc": 1,
    "faculty_booking": null,
    "start_time": "2025-11-11T18:32:00.579Z",
    "end_time": "2025-11-11T19:02:00.579Z",
    "status": "cancelled",
    "duration": "00:30:00",
    "expiry": "2025-11-11T19:02:00.579Z",
    "created_at": "2025-11-11T18:30:27.282Z",
    "updated_at": "2025-11-11T18:32:07.654Z"
  }
},
{
  "model": "main_app.booking",
  "pk": 27,
  "fields": {
    "user": [
      "202280102@psu.palawan.edu.ph"
    ],
    "pc": 1,
    "faculty_booking": null,
    "start_time": "2025-11-11T18:33:19.518Z",
    "end_time": "2025-11-11T19:03:19.518Z",
    "status": "cancelled",
    "duration": "00:30:00",
    "expiry": "2025-11-11T19:03:19.518Z",
    "created_at": "2025-11-11T18:32:15.968Z",
    "updated_at": "2025-11-11T18:33:26.445Z"
  }
},
{
  "model": "main_app.booking",
  "pk": 28,
  "fields": {
    "user": [
      "202280102@psu.palawan.edu.ph"
    ],
    "pc": 1,
    "faculty_booking": null,
    "start_time": "2025-11-11T18:38:41.904Z",
    "end_time": "2025-11-11T19:08:41.904Z",
    "status": "cancelled",
    "duration": "00:30:00",
    "expiry": "2025-11-11T19:08:41.904Z",
    "created_at": "2025-11-11T18:33:31.204Z",
    "updated_at": "2025-11-11T18:39:20.080Z"
  }
},
{
  "model": "main_app.booking",
  "pk": 29,
  "fields": {
    "user": [
      "202280102@psu.palawan.edu.ph"
    ],
    "pc": 1,
    "faculty_booking": null,
    "start_time": "2025-11-12T02:39:26.845Z",
    "end_time": null,
    "status": "cancelled",
    "duration": "00:30:00",
    "expiry": null,
    "created_at": "2025-11-11T18:39:26.847Z",
    "updated_at": "2025-11-11T18:39:29.273Z"
  }
},
{
  "model": "main_app.booking",
  "pk": 30,
  "fields": {
    "user": [
      "202280102@psu.palawan.edu.ph"
    ],
    "pc": 1,
    "faculty_booking": null,
    "start_time": "2025-11-12T02:39:50.728Z",
    "end_time": null,
    "status": "cancelled",
    "duration": "00:30:00",
    "expiry": null,
    "created_at": "2025-11-11T18:39:50.728Z",
    "updated_at": "2025-11-11T18:39:54.162Z"
  }
},
{
  "model": "main_app.booking",
  "pk": 31,
  "fields": {
    "user": [
      "202280102@psu.palawan.edu.ph"
    ],
    "pc": 1,
    "faculty_booking": null,
    "start_time": "2025-11-12T02:40:11.660Z",
    "end_time": null,
    "status": "cancelled",
    "duration": "00:30:00",
    "expiry": null,
    "created_at": "2025-11-11T18:40:11.660Z",
    "updated_at": "2025-11-11T18:40:19.597Z"
  }
},
{
  "model": "main_app.booking",
  "pk": 32,
  "fields": {
    "user": [
      "202280102@psu.palawan.edu.ph"
    ],
    "pc": 1,
    "faculty_booking": null,
    "start_time": "2025-11-12T02:41:37.735Z",
    "end_time": null,
    "status": "cancelled",
    "duration": "00:30:00",
    "expiry": null,
    "created_at": "2025-11-11T18:41:37.736Z",
    "updated_at": "2025-11-11T18:41:43.867Z"
  }
},
{
  "model": "main_app.booking",
  "pk": 33,
  "fields": {
    "user": [
      "202280102@psu.palawan.edu.ph"
    ],
    "pc": 1,
    "faculty_booking": null,
    "start_time": "2025-11-12T02:42:24.361Z",
    "end_time": null,
    "status": "cancelled",
    "duration": "00:30:00",
    "expiry": null,
    "created_at": "2025-11-11T18:42:24.361Z",
    "updated_at": "2025-11-11T18:42:33.373Z"
  }
},
{
  "model": "main_app.booking",
  "pk": 34,
  "fields": {
    "user": [
      "202280102@psu.palawan.edu.ph"
    ],
    "pc": 1,
    "faculty_booking": null,
    "start_time": "2025-11-11T18:45:56.082Z",
    "end_time": "2025-11-11T19:15:56.082Z",
    "status": "cancelled",
    "duration": "00:30:00",
    "expiry": "2025-11-11T19:15:56.082Z",
    "created_at": "2025-11-11T18:45:15.300Z",
    "updated_at": "2025-11-11T18:46:03.878Z"
  }
},
{
  "model": "main_app.booking",
  "pk": 35,
  "fields": {
    "user": [
      "202280102@psu.palawan.edu.ph"
    ],
    "pc": 1,
    "faculty_booking": null,
    "start_time": "2025-11-11T18:49:05.383Z",
    "end_time": "2025-11-11T19:19:05.383Z",
    "status": "cancelled",
    "duration": "00:30:00",
    "expiry": "2025-11-11T19:19:05.383Z",
    "created_at": "2025-11-11T18:46:42.418Z",
    "updated_at": "2025-11-11T18:49:12.147Z"
  }
},
{
  "model": "main_app.booking",
  "pk": 36,
  "fields": {
    "user": [
      "202280102@psu.palawan.edu.ph"
    ],
    "pc": 1,
    "faculty_booking": null,
    "start_time": "2025-11-11T18:53:03.720Z",
    "end_time": "2025-11-11T19:23:03.720Z",
    "status": "cancelled",
    "duration": "00:30:00",
    "expiry": "2025-11-11T19:23:03.720Z",
    "created_at": "2025-11-11T18:49:15.994Z",
    "updated_at": "2025-11-11T18:55:55.819Z"
  }
},
{
  "model": "main_app.booking",
  "pk": 37,
  "fields": {
    "user": [
      "202280102@psu.palawan.edu.ph"
    ],
    "pc": 1,
    "faculty_booking": null,
    "start_time": "2025-11-11T18:57:04.565Z",
    "end_time": "2025-11-11T19:27:04.565Z",
    "status": "cancelled",
    "duration": "00:30:00",
    "expiry": "2025-11-11T19:27:04.565Z",
    "created_at": "2025-11-11T18:56:02.212Z",
    "updated_at": "2025-11-11T18:57:11.158Z"
  }
},
{
  "model": "main_app.booking",
  "pk": 38,
  "fields": {
    "user": [
      "202280102@psu.palawan.edu.ph"
    ],
    "pc": 1,
    "faculty_booking": null,
    "start_time": "2025-11-12T02:57:15.148Z",
    "end_time": null,
    "status": "cancelled",
    "duration": "00:30:00",
    "expiry": null,
    "created_at": "2025-11-11T18:57:15.149Z",
    "updated_at": "2025-11-11T18:59:33.935Z"
  }
},
{
  "model": "main_app.booking",
  "pk": 39,
  "fields": {
    "user": [
      "202280102@psu.palawan.edu.ph"
    ],
    "pc": 1,
    "faculty_booking": null,
    "start_time": "2025-11-12T02:59:43.186Z",
    "end_time": null,
    "status": "cancelled",
    "duration": "00:30:00",
    "expiry": null,
    "created_at": "2025-11-11T18:59:43.188Z",
    "updated_at": "2025-11-11T19:00:01.571Z"
  }
},
{
  "model": "main_app.booking",
  "pk": 40,
  "fields": {
    "user": [
      "202280102@psu.palawan.edu.ph"
    ],
    "pc": 1,
    "faculty_booking": null,
    "start_time": "2025-11-12T03:00:09.530Z",
    "end_time": null,
    "status": "cancelled",
    "duration": "00:30:00",
    "expiry": null,
    "created_at": "2025-11-11T19:00:09.533Z",
    "updated_at": "2025-11-11T19:00:43.432Z"
  }
},
{
  "model": "main_app.booking",
  "pk": 41,
  "fields": {
    "user": [
      "202280102@psu.palawan.edu.ph"
    ],
    "pc": 1,
    "faculty_booking": null,
    "start_time": "2025-11-12T03:00:50.949Z",
    "end_time": null,
    "status": "cancelled",
    "duration": "00:30:00",
    "expiry": null,
    "created_at": "2025-11-11T19:00:50.949Z",
    "updated_at": "2025-11-11T19:01:53.323Z"
  }
},
{
  "model": "main_app.booking",
  "pk": 42,
  "fields": {
    "user": [
      "202280102@psu.palawan.edu.ph"
    ],
    "pc": 1,
    "faculty_booking": null,
    "start_time": "2025-11-12T03:02:09.956Z",
    "end_time": null,
    "status": "cancelled",
    "duration": "00:30:00",
    "expiry": null,
    "created_at": "2025-11-11T19:02:09.957Z",
    "updated_at": "2025-11-11T19:02:31.952Z"
  }
},
{
  "model": "main_app.booking",
  "pk": 43,
  "fields": {
    "user": [
      "202280102@psu.palawan.edu.ph"
    ],
    "pc": 1,
    "faculty_booking": null,
    "start_time": "2025-11-12T03:04:23.266Z",
    "end_time": null,
    "status": "cancelled",
    "duration": "00:30:00",
    "expiry": null,
    "created_at": "2025-11-11T19:04:23.267Z",
    "updated_at": "2025-11-11T19:04:28.260Z"
  }
},
{
  "model": "main_app.booking",
  "pk": 44,
  "fields": {
    "user": [
      "202280102@psu.palawan.edu.ph"
    ],
    "pc": 1,
    "faculty_booking": null,
    "start_time": "2025-11-12T03:07:53.069Z",
    "end_time": null,
    "status": "cancelled",
    "duration": "00:30:00",
    "expiry": null,
    "created_at": "2025-11-11T19:07:53.074Z",
    "updated_at": "2025-11-11T19:08:42.486Z"
  }
},
{
  "model": "main_app.booking",
  "pk": 45,
  "fields": {
    "user": [
      "202280102@psu.palawan.edu.ph"
    ],
    "pc": 1,
    "faculty_booking": null,
    "start_time": "2025-11-12T03:09:44.995Z",
    "end_time": null,
    "status": "cancelled",
    "duration": "00:30:00",
    "expiry": null,
    "created_at": "2025-11-11T19:09:44.996Z",
    "updated_at": "2025-11-11T19:09:52.954Z"
  }
},
{
  "model": "main_app.booking",
  "pk": 46,
  "fields": {
    "user": [
      "202280102@psu.palawan.edu.ph"
    ],
    "pc": 1,
    "faculty_booking": null,
    "start_time": "2025-11-12T03:12:27.966Z",
    "end_time": null,
    "status": "cancelled",
    "duration": "00:30:00",
    "expiry": null,
    "created_at": "2025-11-11T19:12:27.968Z",
    "updated_at": "2025-11-11T19:12:41.287Z"
  }
},
{
  "model": "main_app.booking",
  "pk": 47,
  "fields": {
    "user": [
      "202280102@psu.palawan.edu.ph"
    ],
    "pc": 1,
    "faculty_booking": null,
    "start_time": "2025-11-12T03:13:48.664Z",
    "end_time": null,
    "status": "cancelled",
    "duration": "00:30:00",
    "expiry": null,
    "created_at": "2025-11-11T19:13:48.666Z",
    "updated_at": "2025-11-11T19:13:59.095Z"
  }
},
{
  "model": "main_app.booking",
  "pk": 48,
  "fields": {
    "user": [
      "202280102@psu.palawan.edu.ph"
    ],
    "pc": 1,
    "faculty_booking": null,
    "start_time": "2025-11-12T03:15:15.060Z",
    "end_time": null,
    "status": "cancelled",
    "duration": "00:30:00",
    "expiry": null,
    "created_at": "2025-11-11T19:15:15.078Z",
    "updated_at": "2025-11-11T19:15:17.984Z"
  }
},
{
  "model": "main_app.booking",
  "pk": 49,
  "fields": {
    "user": [
      "202280102@psu.palawan.edu.ph"
    ],
    "pc": 1,
    "faculty_booking": null,
    "start_time": "2025-11-12T03:15:56.087Z",
    "end_time": null,
    "status": "cancelled",
    "duration": "00:30:00",
    "expiry": null,
    "created_at": "2025-11-11T19:15:56.099Z",
    "updated_at": "2025-11-11T19:15:59.612Z"
  }
},
{
  "model": "main_app.booking",
  "pk": 50,
  "fields": {
    "user": [
      "202280102@psu.palawan.edu.ph"
    ],
    "pc": 1,
    "faculty_booking": null,
    "start_time": "2025-11-12T03:16:08.324Z",
    "end_time": null,
    "status": "cancelled",
    "duration": "00:30:00",
    "expiry": null,
    "created_at": "2025-11-11T19:16:08.326Z",
    "updated_at": "2025-11-11T19:16:15.085Z"
  }
},
{
  "model": "main_app.booking",
  "pk": 51,
  "fields": {
    "user": [
      "202280102@psu.palawan.edu.ph"
    ],
    "pc": 1,
    "faculty_booking": null,
    "start_time": "2025-11-12T03:16:59.711Z",
    "end_time": null,
    "status": "cancelled",
    "duration": "00:30:00",
    "expiry": null,
    "created_at": "2025-11-11T19:16:59.711Z",
    "updated_at": "2025-11-11T19:17:02.909Z"
  }
},
{
  "model": "main_app.booking",
  "pk": 52,
  "fields": {
    "user": [
      "202280102@psu.palawan.edu.ph"
    ],
    "pc": 1,
    "faculty_booking": null,
    "start_time": "2025-11-12T03:18:57.449Z",
    "end_time": null,
    "status": "cancelled",
    "duration": "00:30:00",
    "expiry": null,
    "created_at": "2025-11-11T19:18:57.452Z",
    "updated_at": "2025-11-11T19:19:00.008Z"
  }
},
{
  "model": "main_app.booking",
  "pk": 53,
  "fields": {
    "user": [
      "202280102@psu.palawan.edu.ph"
    ],
    "pc": 1,
    "faculty_booking": null,
    "start_time": "2025-11-12T03:19:48.257Z",
    "end_time": null,
    "status": "cancelled",
    "duration": "00:30:00",
    "expiry": null,
    "created_at": "2025-11-11T19:19:48.257Z",
    "updated_at": "2025-11-11T19:19:50.791Z"
  }
},
{
  "model": "main_app.booking",
  "pk": 54,
  "fields": {
    "user": [
      "202280102@psu.palawan.edu.ph"
    ],
    "pc": 1,
    "faculty_booking": null,
    "start_time": "2025-11-11T19:20:50.556Z",
    "end_time": "2025-11-11T19:50:50.556Z",
    "status": "cancelled",
    "duration": "00:30:00",
    "expiry": "2025-11-11T19:50:50.556Z",
    "created_at": "2025-11-11T19:20:37.444Z",
    "updated_at": "2025-11-11T19:22:11.445Z"
  }
},
{
  "model": "main_app.booking",
  "pk": 55,
  "fields": {
    "user": [
      "202280102@psu.palawan.edu.ph"
    ],
    "pc": 1,
    "faculty_booking": null,
    "start_time": "2025-11-11T19:22:30.583Z",
    "end_time": "2025-11-11T19:52:30.583Z",
    "status": "cancelled",
    "duration": "00:30:00",
    "expiry": "2025-11-11T19:52:30.583Z",
    "created_at": "2025-11-11T19:22:16.377Z",
    "updated_at": "2025-11-11T19:22:42.380Z"
  }
},
{
  "model": "main_app.booking",
  "pk": 56,
  "fields": {
    "user": [
      "202280127@psu.palawan.edu.ph"
    ],
    "pc": 1,
    "faculty_booking": null,
    "start_time": "2025-11-12T05:31:19.636Z",
    "end_time": "2025-11-12T06:01:19.636Z",
    "status": "cancelled",
    "duration": "00:30:00",
    "expiry": "2025-11-12T06:01:19.636Z",
    "created_at": "2025-11-12T05:30:32.286Z",
    "updated_at": "2025-11-12T05:31:57.251Z"
  }
},
{
  "model": "main_app.booking",
  "pk": 57,
  "fields": {
    "user": [
      "202280127@psu.palawan.edu.ph"
    ],
    "pc": 1,
    "faculty_booking": null,
    "start_time": "2025-11-12T05:39:52.743Z",
    "end_time": "2025-11-12T06:09:52.743Z",
    "status": "cancelled",
    "duration": "00:30:00",
    "expiry": "2025-11-12T06:09:52.743Z",
    "created_at": "2025-11-12T05:39:48.030Z",
    "updated_at": "2025-11-12T05:40:11.270Z"
  }
},
{
  "model": "main_app.booking",
  "pk": 58,
  "fields": {
    "user": [
      "202280127@psu.palawan.edu.ph"
    ],
    "pc": 1,
    "faculty_booking": null,
    "start_time": "2025-11-12T05:40:20.124Z",
    "end_time": "2025-11-12T06:10:20.124Z",
    "status": "cancelled",
    "duration": "00:30:00",
    "expiry": "2025-11-12T06:10:20.124Z",
    "created_at": "2025-11-12T05:40:18.520Z",
    "updated_at": "2025-11-12T05:40:38.406Z"
  }
},
{
  "model": "main_app.booking",
  "pk": 59,
  "fields": {
    "user": [
      "202280127@psu.palawan.edu.ph"
    ],
    "pc": 1,
    "faculty_booking": null,
    "start_time": "2025-11-12T05:41:15.474Z",
    "end_time": "2025-11-12T06:11:15.474Z",
    "status": "cancelled",
    "duration": "00:30:00",
    "expiry": "2025-11-12T06:11:15.474Z",
    "created_at": "2025-11-12T05:41:03.892Z",
    "updated_at": "2025-11-12T05:42:11.363Z"
  }
},
{
  "model": "main_app.booking",
  "pk": 60,
  "fields": {
    "user": [
      "202280102@psu.palawan.edu.ph"
    ],
    "pc": 1,
    "faculty_booking": 8,
    "start_time": "2025-11-12T05:46:44.888Z",
    "end_time": "2025-11-12T05:47:44.888Z",
    "status": "cancelled",
    "duration": null,
    "expiry": "2025-11-12T05:47:44.888Z",
    "created_at": "2025-11-12T05:46:44.888Z",
    "updated_at": "2025-11-13T21:08:27.673Z"
  }
},
{
  "model": "main_app.booking",
  "pk": 62,
  "fields": {
    "user": [
      "202480070@psu.palawan.edu.ph"
    ],
    "pc": 3,
    "faculty_booking": null,
    "start_time": "2025-11-12T06:45:49.479Z",
    "end_time": "2025-11-12T07:35:49.479Z",
    "status": "cancelled",
    "duration": "00:50:00",
    "expiry": "2025-11-12T07:35:49.479Z",
    "created_at": "2025-11-12T06:45:22.561Z",
    "updated_at": "2025-11-12T06:49:46.699Z"
  }
},
{
  "model": "main_app.booking",
  "pk": 63,
  "fields": {
    "user": [
      "202280102@psu.palawan.edu.ph"
    ],
    "pc": 1,
    "faculty_booking": null,
    "start_time": "2025-11-12T06:52:49.568Z",
    "end_time": "2025-11-12T07:52:49.568Z",
    "status": "cancelled",
    "duration": "01:00:00",
    "expiry": "2025-11-12T07:52:49.568Z",
    "created_at": "2025-11-12T06:52:28.900Z",
    "updated_at": "2025-11-12T06:53:03.982Z"
  }
},
{
  "model": "main_app.booking",
  "pk": 64,
  "fields": {
    "user": [
      "202280102@psu.palawan.edu.ph"
    ],
    "pc": 3,
    "faculty_booking": null,
    "start_time": "2025-11-12T06:53:50.145Z",
    "end_time": "2025-11-12T07:13:50.145Z",
    "status": "cancelled",
    "duration": "00:20:00",
    "expiry": "2025-11-12T07:13:50.145Z",
    "created_at": "2025-11-12T06:53:36.064Z",
    "updated_at": "2025-11-12T06:54:09.548Z"
  }
},
{
  "model": "main_app.booking",
  "pk": 65,
  "fields": {
    "user": [
      "202280385@psu.palawan.edu.ph"
    ],
    "pc": 1,
    "faculty_booking": null,
    "start_time": "2025-11-12T07:08:33.037Z",
    "end_time": "2025-11-12T07:38:33.037Z",
    "status": "cancelled",
    "duration": "00:30:00",
    "expiry": "2025-11-12T07:38:33.037Z",
    "created_at": "2025-11-12T07:08:20.945Z",
    "updated_at": "2025-11-12T07:09:57.372Z"
  }
},
{
  "model": "main_app.booking",
  "pk": 66,
  "fields": {
    "user": [
      "202520620@psu.palawan.edu.ph"
    ],
    "pc": 1,
    "faculty_booking": null,
    "start_time": "2025-11-12T07:20:03.791Z",
    "end_time": "2025-11-12T07:50:03.791Z",
    "status": "cancelled",
    "duration": "00:30:00",
    "expiry": "2025-11-12T07:50:03.791Z",
    "created_at": "2025-11-12T07:19:52.474Z",
    "updated_at": "2025-11-12T07:20:22.501Z"
  }
},
{
  "model": "main_app.booking",
  "pk": 67,
  "fields": {
    "user": [
      "202520620@psu.palawan.edu.ph"
    ],
    "pc": 1,
    "faculty_booking": null,
    "start_time": "2025-11-12T07:27:23.948Z",
    "end_time": "2025-11-12T07:57:23.948Z",
    "status": "cancelled",
    "duration": "00:30:00",
    "expiry": "2025-11-12T07:57:23.948Z",
    "created_at": "2025-11-12T07:26:11.198Z",
    "updated_at": "2025-11-12T07:27:44.972Z"
  }
},
{
  "model": "main_app.booking",
  "pk": 68,
  "fields": {
    "user": [
      "202520620@psu.palawan.edu.ph"
    ],
    "pc": 1,
    "faculty_booking": null,
    "start_time": "2025-11-12T07:28:02.789Z",
    "end_time": "2025-11-12T07:58:02.789Z",
    "status": "cancelled",
    "duration": "00:30:00",
    "expiry": "2025-11-12T07:58:02.789Z",
    "created_at": "2025-11-12T07:27:58.857Z",
    "updated_at": "2025-11-12T07:28:13.681Z"
  }
},
{
  "model": "main_app.booking",
  "pk": 69,
  "fields": {
    "user": [
      "202280127@psu.palawan.edu.ph"
    ],
    "pc": 3,
    "faculty_booking": null,
    "start_time": "2025-11-13T05:10:41.397Z",
    "end_time": "2025-11-13T05:20:41.397Z",
    "status": "cancelled",
    "duration": "00:10:00",
    "expiry": "2025-11-13T05:20:41.397Z",
    "created_at": "2025-11-13T05:10:09.494Z",
    "updated_at": "2025-11-13T05:19:35.500Z"
  }
},
{
  "model": "main_app.booking",
  "pk": 70,
  "fields": {
    "user": [
      "202280127@psu.palawan.edu.ph"
    ],
    "pc": 3,
    "faculty_booking": null,
    "start_time": "2025-11-13T05:24:05.580Z",
    "end_time": "2025-11-13T05:30:05.580Z",
    "status": "cancelled",
    "duration": "00:06:00",
    "expiry": "2025-11-13T05:30:05.580Z",
    "created_at": "2025-11-13T05:23:56.414Z",
    "updated_at": "2025-11-13T05:29:00.581Z"
  }
},
{
  "model": "main_app.booking",
  "pk": 71,
  "fields": {
    "user": [
      "202280127@psu.palawan.edu.ph"
    ],
    "pc": 3,
    "faculty_booking": null,
    "start_time": "2025-11-13T13:29:33.458Z",
    "end_time": null,
    "status": "cancelled",
    "duration": "00:30:00",
    "expiry": null,
    "created_at": "2025-11-13T05:29:33.459Z",
    "updated_at": "2025-11-13T05:29:35.579Z"
  }
},
{
  "model": "main_app.booking",
  "pk": 72,
  "fields": {
    "user": [
      "202280127@psu.palawan.edu.ph"
    ],
    "pc": 3,
    "faculty_booking": null,
    "start_time": "2025-11-13T05:29:46.355Z",
    "end_time": "2025-11-13T05:35:46.355Z",
    "status": "confirmed",
    "duration": "00:06:00",
    "expiry": "2025-11-13T05:35:46.355Z",
    "created_at": "2025-11-13T05:29:41.517Z",
    "updated_at": "2025-11-13T05:29:46.357Z"
  }
},
{
  "model": "main_app.booking",
  "pk": 73,
  "fields": {
    "user": [
      "202280127@psu.palawan.edu.ph"
    ],
    "pc": 3,
    "faculty_booking": null,
    "start_time": "2025-11-13T05:36:11.095Z",
    "end_time": "2025-11-13T05:42:11.095Z",
    "status": "cancelled",
    "duration": "00:06:00",
    "expiry": "2025-11-13T05:42:11.095Z",
    "created_at": "2025-11-13T05:36:06.327Z",
    "updated_at": "2025-11-13T05:40:02.742Z"
  }
},
{
  "model": "main_app.booking",
  "pk": 74,
  "fields": {
    "user": [
      "202280127@psu.palawan.edu.ph"
    ],
    "pc": 3,
    "faculty_booking": null,
    "start_time": "2025-11-13T05:40:26.990Z",
    "end_time": "2025-11-13T05:46:26.990Z",
    "status": "cancelled",
    "duration": "00:06:00",
    "expiry": "2025-11-13T05:46:26.990Z",
    "created_at": "2025-11-13T05:40:25.171Z",
    "updated_at": "2025-11-13T05:41:50.952Z"
  }
},
{
  "model": "main_app.booking",
  "pk": 75,
  "fields": {
    "user": [
      "202280127@psu.palawan.edu.ph"
    ],
    "pc": 3,
    "faculty_booking": null,
    "start_time": "2025-11-13T05:42:03.473Z",
    "end_time": "2025-11-13T05:48:03.473Z",
    "status": "cancelled",
    "duration": "00:06:00",
    "expiry": "2025-11-13T05:48:03.473Z",
    "created_at": "2025-11-13T05:41:58.170Z",
    "updated_at": "2025-11-13T05:46:28.657Z"
  }
},
{
  "model": "main_app.booking",
  "pk": 76,
  "fields": {
    "user": [
      "202280127@psu.palawan.edu.ph"
    ],
    "pc": 3,
    "faculty_booking": null,
    "start_time": "2025-11-13T05:46:40.827Z",
    "end_time": "2025-11-13T05:52:40.827Z",
    "status": "cancelled",
    "duration": "00:06:00",
    "expiry": "2025-11-13T05:52:40.827Z",
    "created_at": "2025-11-13T05:46:38.575Z",
    "updated_at": "2025-11-13T05:49:26.301Z"
  }
},
{
  "model": "main_app.booking",
  "pk": 77,
  "fields": {
    "user": [
      "202280127@psu.palawan.edu.ph"
    ],
    "pc": 3,
    "faculty_booking": null,
    "start_time": "2025-11-13T05:49:46.031Z",
    "end_time": "2025-11-13T05:55:46.031Z",
    "status": "cancelled",
    "duration": "00:06:00",
    "expiry": "2025-11-13T05:55:46.031Z",
    "created_at": "2025-11-13T05:49:32.244Z",
    "updated_at": "2025-11-13T05:53:36.898Z"
  }
},
{
  "model": "main_app.booking",
  "pk": 78,
  "fields": {
    "user": [
      "202280127@psu.palawan.edu.ph"
    ],
    "pc": 3,
    "faculty_booking": null,
    "start_time": "2025-11-13T05:53:51.945Z",
    "end_time": "2025-11-13T05:59:51.945Z",
    "status": "confirmed",
    "duration": "00:06:00",
    "expiry": "2025-11-13T05:59:51.945Z",
    "created_at": "2025-11-13T05:53:44.283Z",
    "updated_at": "2025-11-13T05:53:51.946Z"
  }
},
{
  "model": "main_app.booking",
  "pk": 79,
  "fields": {
    "user": [
      "202280127@psu.palawan.edu.ph"
    ],
    "pc": 3,
    "faculty_booking": null,
    "start_time": "2025-11-13T06:00:43.311Z",
    "end_time": "2025-11-13T06:05:43.311Z",
    "status": "cancelled",
    "duration": "00:05:00",
    "expiry": "2025-11-13T06:05:43.311Z",
    "created_at": "2025-11-13T06:00:32.215Z",
    "updated_at": "2025-11-13T06:01:04.520Z"
  }
},
{
  "model": "main_app.booking",
  "pk": 80,
  "fields": {
    "user": [
      "202280127@psu.palawan.edu.ph"
    ],
    "pc": 3,
    "faculty_booking": null,
    "start_time": "2025-11-13T06:01:16.108Z",
    "end_time": "2025-11-13T06:06:16.108Z",
    "status": "cancelled",
    "duration": "00:05:00",
    "expiry": "2025-11-13T06:06:16.108Z",
    "created_at": "2025-11-13T06:01:14.232Z",
    "updated_at": "2025-11-13T06:03:35.916Z"
  }
},
{
  "model": "main_app.booking",
  "pk": 81,
  "fields": {
    "user": [
      "202280127@psu.palawan.edu.ph"
    ],
    "pc": 3,
    "faculty_booking": null,
    "start_time": "2025-11-13T06:03:45.502Z",
    "end_time": "2025-11-13T06:08:45.502Z",
    "status": "cancelled",
    "duration": "00:05:00",
    "expiry": "2025-11-13T06:08:45.502Z",
    "created_at": "2025-11-13T06:03:43.548Z",
    "updated_at": "2025-11-14T10:36:18.170Z"
  }
},
{
  "model": "main_app.booking",
  "pk": 82,
  "fields": {
    "user": [
      "202280127@psu.palawan.edu.ph"
    ],
    "pc": 3,
    "faculty_booking": null,
    "start_time": "2025-11-13T06:15:36.116Z",
    "end_time": "2025-11-13T06:20:36.116Z",
    "status": "cancelled",
    "duration": "00:05:00",
    "expiry": "2025-11-13T06:20:36.116Z",
    "created_at": "2025-11-13T06:15:29.132Z",
    "updated_at": "2025-11-13T06:17:05.835Z"
  }
},
{
  "model": "main_app.booking",
  "pk": 83,
  "fields": {
    "user": [
      "202280127@psu.palawan.edu.ph"
    ],
    "pc": 3,
    "faculty_booking": null,
    "start_time": "2025-11-13T06:17:20.028Z",
    "end_time": "2025-11-13T06:23:20.028Z",
    "status": "cancelled",
    "duration": "00:06:00",
    "expiry": "2025-11-13T06:23:20.028Z",
    "created_at": "2025-11-13T06:17:12.032Z",
    "updated_at": "2025-11-13T06:22:37.296Z"
  }
},
{
  "model": "main_app.booking",
  "pk": 84,
  "fields": {
    "user": [
      "202280127@psu.palawan.edu.ph"
    ],
    "pc": 3,
    "faculty_booking": null,
    "start_time": "2025-11-13T06:22:55.524Z",
    "end_time": "2025-11-13T06:27:55.524Z",
    "status": "cancelled",
    "duration": "00:05:00",
    "expiry": "2025-11-13T06:27:55.524Z",
    "created_at": "2025-11-13T06:22:45.500Z",
    "updated_at": "2025-11-13T06:23:46.978Z"
  }
},
{
  "model": "main_app.booking",
  "pk": 85,
  "fields": {
    "user": [
      "202280127@psu.palawan.edu.ph"
    ],
    "pc": 3,
    "faculty_booking": null,
    "start_time": "2025-11-13T06:24:30.160Z",
    "end_time": "2025-11-13T06:30:30.160Z",
    "status": "cancelled",
    "duration": "00:06:00",
    "expiry": "2025-11-13T06:30:30.160Z",
    "created_at": "2025-11-13T06:23:53.077Z",
    "updated_at": "2025-11-13T06:25:57.983Z"
  }
},
{
  "model": "main_app.booking",
  "pk": 86,
  "fields": {
    "user": [
      "202280127@psu.palawan.edu.ph"
    ],
    "pc": 3,
    "faculty_booking": null,
    "start_time": "2025-11-13T06:29:25.638Z",
    "end_time": "2025-11-13T06:34:25.638Z",
    "status": "cancelled",
    "duration": "00:05:00",
    "expiry": "2025-11-13T06:34:25.638Z",
    "created_at": "2025-11-13T06:29:01.961Z",
    "updated_at": "2025-11-13T06:30:21.707Z"
  }
},
{
  "model": "main_app.booking",
  "pk": 87,
  "fields": {
    "user": [
      "202280127@psu.palawan.edu.ph"
    ],
    "pc": 3,
    "faculty_booking": null,
    "start_time": "2025-11-13T06:30:34.716Z",
    "end_time": "2025-11-13T06:35:34.716Z",
    "status": "cancelled",
    "duration": "00:05:00",
    "expiry": "2025-11-13T06:35:34.716Z",
    "created_at": "2025-11-13T06:30:30.253Z",
    "updated_at": "2025-11-14T10:35:57.621Z"
  }
},
{
  "model": "main_app.booking",
  "pk": 88,
  "fields": {
    "user": [
      "202280127@psu.palawan.edu.ph"
    ],
    "pc": 3,
    "faculty_booking": null,
    "start_time": "2025-11-13T06:50:37.982Z",
    "end_time": "2025-11-13T06:55:37.982Z",
    "status": "cancelled",
    "duration": "00:05:00",
    "expiry": "2025-11-13T06:55:37.982Z",
    "created_at": "2025-11-13T06:50:29.926Z",
    "updated_at": "2025-11-13T20:43:59.452Z"
  }
},
{
  "model": "main_app.booking",
  "pk": 89,
  "fields": {
    "user": [
      "202280127@psu.palawan.edu.ph"
    ],
    "pc": 3,
    "faculty_booking": null,
    "start_time": "2025-11-13T14:57:58.985Z",
    "end_time": null,
    "status": "cancelled",
    "duration": "00:30:00",
    "expiry": null,
    "created_at": "2025-11-13T06:57:58.985Z",
    "updated_at": "2025-11-13T06:58:01.056Z"
  }
},
{
  "model": "main_app.booking",
  "pk": 90,
  "fields": {
    "user": [
      "202280127@psu.palawan.edu.ph"
    ],
    "pc": 3,
    "faculty_booking": null,
    "start_time": "2025-11-13T06:58:07.585Z",
    "end_time": "2025-11-13T07:04:07.585Z",
    "status": "cancelled",
    "duration": "00:06:00",
    "expiry": "2025-11-13T07:04:07.585Z",
    "created_at": "2025-11-13T06:58:05.669Z",
    "updated_at": "2025-11-13T07:02:41.712Z"
  }
},
{
  "model": "main_app.booking",
  "pk": 91,
  "fields": {
    "user": [
      "202280127@psu.palawan.edu.ph"
    ],
    "pc": 3,
    "faculty_booking": null,
    "start_time": "2025-11-13T07:06:49.718Z",
    "end_time": "2025-11-13T07:11:49.718Z",
    "status": "cancelled",
    "duration": "00:05:00",
    "expiry": "2025-11-13T07:11:49.718Z",
    "created_at": "2025-11-13T07:06:45.114Z",
    "updated_at": "2025-11-13T07:07:34.130Z"
  }
},
{
  "model": "main_app.booking",
  "pk": 92,
  "fields": {
    "user": [
      "202280127@psu.palawan.edu.ph"
    ],
    "pc": 3,
    "faculty_booking": null,
    "start_time": "2025-11-13T07:15:17.700Z",
    "end_time": "2025-11-13T07:20:17.700Z",
    "status": "cancelled",
    "duration": "00:05:00",
    "expiry": "2025-11-13T07:20:17.700Z",
    "created_at": "2025-11-13T07:14:39.972Z",
    "updated_at": "2025-11-13T07:19:41.195Z"
  }
},
{
  "model": "main_app.booking",
  "pk": 93,
  "fields": {
    "user": [
      "202280127@psu.palawan.edu.ph"
    ],
    "pc": 3,
    "faculty_booking": null,
    "start_time": "2025-11-13T07:20:11.055Z",
    "end_time": "2025-11-13T07:25:11.055Z",
    "status": "cancelled",
    "duration": "00:05:00",
    "expiry": "2025-11-13T07:25:11.055Z",
    "created_at": "2025-11-13T07:19:50.521Z",
    "updated_at": "2025-11-13T07:22:02.456Z"
  }
},
{
  "model": "main_app.booking",
  "pk": 94,
  "fields": {
    "user": [
      "202310217@psu.palawan.edu.ph"
    ],
    "pc": 1,
    "faculty_booking": null,
    "start_time": "2025-11-13T07:28:25.977Z",
    "end_time": "2025-11-13T07:38:25.977Z",
    "status": "cancelled",
    "duration": "00:10:00",
    "expiry": "2025-11-13T07:38:25.977Z",
    "created_at": "2025-11-13T07:28:06.176Z",
    "updated_at": "2025-11-13T07:28:59.377Z"
  }
},
{
  "model": "main_app.booking",
  "pk": 95,
  "fields": {
    "user": [
      "202280127@psu.palawan.edu.ph"
    ],
    "pc": 3,
    "faculty_booking": null,
    "start_time": "2025-11-13T07:45:12.385Z",
    "end_time": "2025-11-13T07:50:12.385Z",
    "status": "cancelled",
    "duration": "00:05:00",
    "expiry": "2025-11-13T07:50:12.385Z",
    "created_at": "2025-11-13T07:44:48.803Z",
    "updated_at": "2025-11-13T20:43:11.693Z"
  }
},
{
  "model": "main_app.booking",
  "pk": 96,
  "fields": {
    "user": [
      "202310406@psu.palawan.edu.ph"
    ],
    "pc": 1,
    "faculty_booking": null,
    "start_time": "2025-11-13T07:47:11.430Z",
    "end_time": "2025-11-13T08:47:11.430Z",
    "status": "cancelled",
    "duration": "01:00:00",
    "expiry": "2025-11-13T08:47:11.430Z",
    "created_at": "2025-11-13T07:46:48.624Z",
    "updated_at": "2025-11-13T08:09:58.679Z"
  }
},
{
  "model": "main_app.booking",
  "pk": 97,
  "fields": {
    "user": [
      "202280127@psu.palawan.edu.ph"
    ],
    "pc": 3,
    "faculty_booking": null,
    "start_time": "2025-11-13T16:09:10.583Z",
    "end_time": null,
    "status": "cancelled",
    "duration": "00:30:00",
    "expiry": null,
    "created_at": "2025-11-13T08:09:10.583Z",
    "updated_at": "2025-11-13T08:09:45.999Z"
  }
},
{
  "model": "main_app.booking",
  "pk": 98,
  "fields": {
    "user": [
      "202280127@psu.palawan.edu.ph"
    ],
    "pc": 3,
    "faculty_booking": null,
    "start_time": "2025-11-13T08:10:13.055Z",
    "end_time": "2025-11-13T08:40:13.055Z",
    "status": "cancelled",
    "duration": "00:30:00",
    "expiry": "2025-11-13T08:40:13.055Z",
    "created_at": "2025-11-13T08:10:06.540Z",
    "updated_at": "2025-11-13T08:10:23.866Z"
  }
},
{
  "model": "main_app.booking",
  "pk": 99,
  "fields": {
    "user": [
      "202080107@psu.palawan.edu.ph"
    ],
    "pc": 3,
    "faculty_booking": null,
    "start_time": "2025-11-13T08:14:40.771Z",
    "end_time": "2025-11-13T08:44:40.771Z",
    "status": "cancelled",
    "duration": "00:30:00",
    "expiry": "2025-11-13T08:44:40.771Z",
    "created_at": "2025-11-13T08:14:23.981Z",
    "updated_at": "2025-11-13T08:25:35.360Z"
  }
},
{
  "model": "main_app.booking",
  "pk": 100,
  "fields": {
    "user": [
      "201940243@psu.palawan.edu.ph"
    ],
    "pc": 1,
    "faculty_booking": null,
    "start_time": "2025-11-13T08:15:38.751Z",
    "end_time": "2025-11-13T08:45:38.751Z",
    "status": "cancelled",
    "duration": "00:30:00",
    "expiry": "2025-11-13T08:45:38.751Z",
    "created_at": "2025-11-13T08:15:24.191Z",
    "updated_at": "2025-11-13T08:25:40.516Z"
  }
},
{
  "model": "main_app.booking",
  "pk": 101,
  "fields": {
    "user": [
      "202480096@psu.palawan.edu.ph"
    ],
    "pc": 1,
    "faculty_booking": null,
    "start_time": "2025-11-13T08:26:10.964Z",
    "end_time": "2025-11-13T08:56:10.964Z",
    "status": "cancelled",
    "duration": "00:30:00",
    "expiry": "2025-11-13T08:56:10.964Z",
    "created_at": "2025-11-13T08:25:56.126Z",
    "updated_at": "2025-11-13T08:26:33.689Z"
  }
},
{
  "model": "main_app.booking",
  "pk": 102,
  "fields": {
    "user": [
      "202480096@psu.palawan.edu.ph"
    ],
    "pc": 3,
    "faculty_booking": null,
    "start_time": "2025-11-13T08:33:42.817Z",
    "end_time": "2025-11-13T08:38:42.817Z",
    "status": "cancelled",
    "duration": "00:05:00",
    "expiry": "2025-11-13T08:38:42.817Z",
    "created_at": "2025-11-13T08:33:18.882Z",
    "updated_at": "2025-11-13T08:37:54.772Z"
  }
},
{
  "model": "main_app.booking",
  "pk": 103,
  "fields": {
    "user": [
      "202280127@psu.palawan.edu.ph"
    ],
    "pc": 1,
    "faculty_booking": null,
    "start_time": "2025-11-13T16:37:15.251Z",
    "end_time": null,
    "status": "cancelled",
    "duration": "00:30:00",
    "expiry": null,
    "created_at": "2025-11-13T08:37:15.251Z",
    "updated_at": "2025-11-13T08:37:19.944Z"
  }
},
{
  "model": "main_app.booking",
  "pk": 104,
  "fields": {
    "user": [
      "201720022@psu.palawan.edu.ph"
    ],
    "pc": 1,
    "faculty_booking": null,
    "start_time": "2025-11-13T08:39:01.657Z",
    "end_time": "2025-11-13T09:39:01.657Z",
    "status": "cancelled",
    "duration": "01:00:00",
    "expiry": "2025-11-13T09:39:01.657Z",
    "created_at": "2025-11-13T08:38:49.611Z",
    "updated_at": "2025-11-13T08:39:43.221Z"
  }
},
{
  "model": "main_app.booking",
  "pk": 105,
  "fields": {
    "user": [
      "202510154@psu.palawan.edu.ph"
    ],
    "pc": 1,
    "faculty_booking": null,
    "start_time": "2025-11-13T08:40:45.705Z",
    "end_time": "2025-11-13T09:20:45.705Z",
    "status": "cancelled",
    "duration": "00:40:00",
    "expiry": "2025-11-13T09:20:45.705Z",
    "created_at": "2025-11-13T08:40:30.844Z",
    "updated_at": "2025-11-13T21:08:17.337Z"
  }
},
{
  "model": "main_app.booking",
  "pk": 106,
  "fields": {
    "user": [
      "202280102@psu.palawan.edu.ph"
    ],
    "pc": 3,
    "faculty_booking": null,
    "start_time": "2025-11-13T20:44:16.054Z",
    "end_time": null,
    "status": "cancelled",
    "duration": "00:30:00",
    "expiry": null,
    "created_at": "2025-11-13T20:31:03.458Z",
    "updated_at": "2025-11-13T20:44:16.054Z"
  }
},
{
  "model": "main_app.booking",
  "pk": 110,
  "fields": {
    "user": [
      "202280127@psu.palawan.edu.ph"
    ],
    "pc": 3,
    "faculty_booking": null,
    "start_time": "2025-11-14T04:44:55.282Z",
    "end_time": null,
    "status": "cancelled",
    "duration": "00:30:00",
    "expiry": null,
    "created_at": "2025-11-13T20:44:55.294Z",
    "updated_at": "2025-11-13T20:45:26.272Z"
  }
},
{
  "model": "main_app.booking",
  "pk": 111,
  "fields": {
    "user": [
      "202280127@psu.palawan.edu.ph"
    ],
    "pc": 1,
    "faculty_booking": null,
    "start_time": "2025-11-13T20:50:30.118Z",
    "end_time": null,
    "status": "cancelled",
    "duration": "00:30:00",
    "expiry": null,
    "created_at": "2025-11-13T20:49:19.386Z",
    "updated_at": "2025-11-13T20:50:30.118Z"
  }
},
{
  "model": "main_app.booking",
  "pk": 112,
  "fields": {
    "user": [
      "202280127@psu.palawan.edu.ph"
    ],
    "pc": 3,
    "faculty_booking": null,
    "start_time": "2025-11-14T04:49:43.678Z",
    "end_time": null,
    "status": "cancelled",
    "duration": "00:30:00",
    "expiry": null,
    "created_at": "2025-11-13T20:49:43.678Z",
    "updated_at": "2025-11-13T20:50:11.403Z"
  }
},
{
  "model": "main_app.booking",
  "pk": 113,
  "fields": {
    "user": [
      "202280127@psu.palawan.edu.ph"
    ],
    "pc": 1,
    "faculty_booking": null,
    "start_time": "2025-11-13T20:54:34.763Z",
    "end_time": "2025-11-13T21:24:34.763Z",
    "status": "cancelled",
    "duration": "00:30:00",
    "expiry": "2025-11-13T21:24:34.763Z",
    "created_at": "2025-11-13T20:54:13.962Z",
    "updated_at": "2025-11-13T20:54:50.446Z"
  }
},
{
  "model": "main_app.booking",
  "pk": 114,
  "fields": {
    "user": [
      "202280127@psu.palawan.edu.ph"
    ],
    "pc": 1,
    "faculty_booking": null,
    "start_time": "2025-11-13T21:00:59.499Z",
    "end_time": null,
    "status": "cancelled",
    "duration": "00:30:00",
    "expiry": null,
    "created_at": "2025-11-13T20:54:58.197Z",
    "updated_at": "2025-11-13T21:00:59.499Z"
  }
},
{
  "model": "main_app.booking",
  "pk": 115,
  "fields": {
    "user": [
      "202280128@psu.palawan.edu.ph"
    ],
    "pc": 1,
    "faculty_booking": null,
    "start_time": "2025-11-13T21:00:51.050Z",
    "end_time": null,
    "status": "cancelled",
    "duration": "00:30:00",
    "expiry": null,
    "created_at": "2025-11-13T20:56:18.849Z",
    "updated_at": "2025-11-13T21:00:51.050Z"
  }
},
{
  "model": "main_app.booking",
  "pk": 116,
  "fields": {
    "user": [
      "202280127@psu.palawan.edu.ph"
    ],
    "pc": 1,
    "faculty_booking": null,
    "start_time": "2025-11-14T05:01:21.988Z",
    "end_time": null,
    "status": "cancelled",
    "duration": "00:30:00",
    "expiry": null,
    "created_at": "2025-11-13T21:01:21.988Z",
    "updated_at": "2025-11-13T21:01:55.560Z"
  }
},
{
  "model": "main_app.booking",
  "pk": 117,
  "fields": {
    "user": [
      "202280128@psu.palawan.edu.ph"
    ],
    "pc": 1,
    "faculty_booking": null,
    "start_time": "2025-11-14T05:02:03.790Z",
    "end_time": null,
    "status": "cancelled",
    "duration": "00:30:00",
    "expiry": null,
    "created_at": "2025-11-13T21:02:03.790Z",
    "updated_at": "2025-11-13T21:02:17.401Z"
  }
},
{
  "model": "main_app.booking",
  "pk": 118,
  "fields": {
    "user": [
      "202280128@psu.palawan.edu.ph"
    ],
    "pc": 1,
    "faculty_booking": null,
    "start_time": "2025-11-14T05:05:17.769Z",
    "end_time": null,
    "status": "cancelled",
    "duration": "00:30:00",
    "expiry": null,
    "created_at": "2025-11-13T21:05:17.771Z",
    "updated_at": "2025-11-13T21:05:35.763Z"
  }
},
{
  "model": "main_app.booking",
  "pk": 119,
  "fields": {
    "user": [
      "202280127@psu.palawan.edu.ph"
    ],
    "pc": 1,
    "faculty_booking": null,
    "start_time": "2025-11-14T05:05:43.141Z",
    "end_time": null,
    "status": "cancelled",
    "duration": "00:30:00",
    "expiry": null,
    "created_at": "2025-11-13T21:05:43.141Z",
    "updated_at": "2025-11-13T21:08:45.246Z"
  }
},
{
  "model": "main_app.booking",
  "pk": 120,
  "fields": {
    "user": [
      "202280128@psu.palawan.edu.ph"
    ],
    "pc": 1,
    "faculty_booking": null,
    "start_time": "2025-11-13T21:08:57.506Z",
    "end_time": null,
    "status": "cancelled",
    "duration": "00:30:00",
    "expiry": null,
    "created_at": "2025-11-13T21:05:51.615Z",
    "updated_at": "2025-11-13T21:08:57.506Z"
  }
},
{
  "model": "main_app.booking",
  "pk": 121,
  "fields": {
    "user": [
      "202280128@psu.palawan.edu.ph"
    ],
    "pc": 1,
    "faculty_booking": null,
    "start_time": "2025-11-13T21:14:59.288Z",
    "end_time": "2025-11-13T21:44:59.288Z",
    "status": "cancelled",
    "duration": "00:30:00",
    "expiry": "2025-11-13T21:44:59.288Z",
    "created_at": "2025-11-13T21:13:48.846Z",
    "updated_at": "2025-11-13T21:15:43.784Z"
  }
},
{
  "model": "main_app.booking",
  "pk": 122,
  "fields": {
    "user": [
      "202280127@psu.palawan.edu.ph"
    ],
    "pc": 3,
    "faculty_booking": null,
    "start_time": "2025-11-13T21:18:53.629Z",
    "end_time": null,
    "status": "cancelled",
    "duration": "00:30:00",
    "expiry": null,
    "created_at": "2025-11-13T21:18:53.629Z",
    "updated_at": "2025-11-13T21:19:10.363Z"
  }
},
{
  "model": "main_app.booking",
  "pk": 123,
  "fields": {
    "user": [
      "202280127@psu.palawan.edu.ph"
    ],
    "pc": 3,
    "faculty_booking": null,
    "start_time": "2025-11-13T21:19:39.924Z",
    "end_time": null,
    "status": "cancelled",
    "duration": "00:30:00",
    "expiry": null,
    "created_at": "2025-11-13T21:19:39.924Z",
    "updated_at": "2025-11-13T21:20:16.978Z"
  }
},
{
  "model": "main_app.booking",
  "pk": 124,
  "fields": {
    "user": [
      "202280127@psu.palawan.edu.ph"
    ],
    "pc": 1,
    "faculty_booking": null,
    "start_time": "2025-11-14T05:23:16.654Z",
    "end_time": null,
    "status": "cancelled",
    "duration": "00:30:00",
    "expiry": null,
    "created_at": "2025-11-13T21:23:16.654Z",
    "updated_at": "2025-11-13T21:23:52.175Z"
  }
},
{
  "model": "main_app.booking",
  "pk": 125,
  "fields": {
    "user": [
      "202280127@psu.palawan.edu.ph"
    ],
    "pc": 1,
    "faculty_booking": null,
    "start_time": "2025-11-14T05:25:34.395Z",
    "end_time": null,
    "status": "cancelled",
    "duration": "00:40:00",
    "expiry": null,
    "created_at": "2025-11-13T21:25:34.395Z",
    "updated_at": "2025-11-13T21:25:39.431Z"
  }
},
{
  "model": "main_app.booking",
  "pk": 126,
  "fields": {
    "user": [
      "202280127@psu.palawan.edu.ph"
    ],
    "pc": 1,
    "faculty_booking": null,
    "start_time": "2025-11-14T05:28:26.090Z",
    "end_time": null,
    "status": "cancelled",
    "duration": "00:30:00",
    "expiry": null,
    "created_at": "2025-11-13T21:28:26.108Z",
    "updated_at": "2025-11-13T21:28:51.036Z"
  }
},
{
  "model": "main_app.booking",
  "pk": 127,
  "fields": {
    "user": [
      "202280127@psu.palawan.edu.ph"
    ],
    "pc": 1,
    "faculty_booking": null,
    "start_time": "2025-11-13T21:30:41.203Z",
    "end_time": "2025-11-13T22:00:41.203Z",
    "status": "cancelled",
    "duration": "00:30:00",
    "expiry": "2025-11-13T22:00:41.203Z",
    "created_at": "2025-11-13T21:28:56.426Z",
    "updated_at": "2025-11-13T21:34:13.254Z"
  }
},
{
  "model": "main_app.booking",
  "pk": 128,
  "fields": {
    "user": [
      "202280128@psu.palawan.edu.ph"
    ],
    "pc": 3,
    "faculty_booking": null,
    "start_time": "2025-11-13T21:30:58.169Z",
    "end_time": "2025-11-13T22:00:58.169Z",
    "status": "cancelled",
    "duration": "00:30:00",
    "expiry": "2025-11-13T22:00:58.169Z",
    "created_at": "2025-11-13T21:30:54.554Z",
    "updated_at": "2025-11-13T21:31:14.226Z"
  }
},
{
  "model": "main_app.booking",
  "pk": 129,
  "fields": {
    "user": [
      "202280127@psu.palawan.edu.ph"
    ],
    "pc": 3,
    "faculty_booking": null,
    "start_time": "2025-11-13T21:35:23.961Z",
    "end_time": "2025-11-13T22:05:23.961Z",
    "status": "cancelled",
    "duration": "00:30:00",
    "expiry": "2025-11-13T22:05:23.961Z",
    "created_at": "2025-11-13T21:32:56.893Z",
    "updated_at": "2025-11-13T21:35:38.046Z"
  }
},
{
  "model": "main_app.booking",
  "pk": 130,
  "fields": {
    "user": [
      "202280128@psu.palawan.edu.ph"
    ],
    "pc": 3,
    "faculty_booking": null,
    "start_time": "2025-11-14T05:34:18.934Z",
    "end_time": null,
    "status": "cancelled",
    "duration": "00:30:00",
    "expiry": null,
    "created_at": "2025-11-13T21:34:18.934Z",
    "updated_at": "2025-11-13T21:35:06.193Z"
  }
},
{
  "model": "main_app.booking",
  "pk": 131,
  "fields": {
    "user": [
      "202280128@psu.palawan.edu.ph"
    ],
    "pc": 1,
    "faculty_booking": null,
    "start_time": "2025-11-13T21:36:58.170Z",
    "end_time": "2025-11-13T22:06:58.170Z",
    "status": "cancelled",
    "duration": "00:30:00",
    "expiry": "2025-11-13T22:06:58.170Z",
    "created_at": "2025-11-13T21:35:44.484Z",
    "updated_at": "2025-11-13T21:37:07.692Z"
  }
},
{
  "model": "main_app.booking",
  "pk": 132,
  "fields": {
    "user": [
      "202280128@psu.palawan.edu.ph"
    ],
    "pc": 3,
    "faculty_booking": null,
    "start_time": "2025-11-13T21:37:58.528Z",
    "end_time": "2025-11-13T22:07:58.528Z",
    "status": "cancelled",
    "duration": "00:30:00",
    "expiry": "2025-11-13T22:07:58.528Z",
    "created_at": "2025-11-13T21:37:40.235Z",
    "updated_at": "2025-11-13T21:38:27.359Z"
  }
},
{
  "model": "main_app.booking",
  "pk": 133,
  "fields": {
    "user": [
      "202280127@psu.palawan.edu.ph"
    ],
    "pc": 1,
    "faculty_booking": null,
    "start_time": "2025-11-14T05:40:40.474Z",
    "end_time": null,
    "status": "cancelled",
    "duration": "00:30:00",
    "expiry": null,
    "created_at": "2025-11-13T21:40:40.475Z",
    "updated_at": "2025-11-13T21:41:12.094Z"
  }
},
{
  "model": "main_app.booking",
  "pk": 134,
  "fields": {
    "user": [
      "202280127@psu.palawan.edu.ph"
    ],
    "pc": 1,
    "faculty_booking": null,
    "start_time": "2025-11-13T21:44:13.387Z",
    "end_time": "2025-11-13T22:14:13.387Z",
    "status": "cancelled",
    "duration": "00:30:00",
    "expiry": "2025-11-13T22:14:13.387Z",
    "created_at": "2025-11-13T21:43:51.895Z",
    "updated_at": "2025-11-13T21:45:58.009Z"
  }
},
{
  "model": "main_app.booking",
  "pk": 135,
  "fields": {
    "user": [
      "202280127@psu.palawan.edu.ph"
    ],
    "pc": 3,
    "faculty_booking": null,
    "start_time": "2025-11-13T21:45:11.767Z",
    "end_time": "2025-11-13T22:15:11.767Z",
    "status": "cancelled",
    "duration": "00:30:00",
    "expiry": "2025-11-13T22:15:11.767Z",
    "created_at": "2025-11-13T21:44:29.238Z",
    "updated_at": "2025-11-13T21:46:03.786Z"
  }
},
{
  "model": "main_app.booking",
  "pk": 136,
  "fields": {
    "user": [
      "202280128@psu.palawan.edu.ph"
    ],
    "pc": 1,
    "faculty_booking": null,
    "start_time": "2025-11-14T05:50:50.401Z",
    "end_time": null,
    "status": "cancelled",
    "duration": "00:30:00",
    "expiry": null,
    "created_at": "2025-11-13T21:50:50.415Z",
    "updated_at": "2025-11-13T21:51:45.079Z"
  }
},
{
  "model": "main_app.booking",
  "pk": 137,
  "fields": {
    "user": [
      "202280128@psu.palawan.edu.ph"
    ],
    "pc": 1,
    "faculty_booking": null,
    "start_time": "2025-11-14T05:51:53.448Z",
    "end_time": null,
    "status": "cancelled",
    "duration": "00:30:00",
    "expiry": null,
    "created_at": "2025-11-13T21:51:53.451Z",
    "updated_at": "2025-11-13T21:52:00.529Z"
  }
},
{
  "model": "main_app.booking",
  "pk": 138,
  "fields": {
    "user": [
      "202280128@psu.palawan.edu.ph"
    ],
    "pc": 1,
    "faculty_booking": null,
    "start_time": "2025-11-14T05:52:24.872Z",
    "end_time": null,
    "status": "cancelled",
    "duration": "00:30:00",
    "expiry": null,
    "created_at": "2025-11-13T21:52:24.874Z",
    "updated_at": "2025-11-13T21:52:52.036Z"
  }
},
{
  "model": "main_app.booking",
  "pk": 139,
  "fields": {
    "user": [
      "202280128@psu.palawan.edu.ph"
    ],
    "pc": 3,
    "faculty_booking": null,
    "start_time": "2025-11-14T05:52:54.632Z",
    "end_time": null,
    "status": "cancelled",
    "duration": "00:30:00",
    "expiry": null,
    "created_at": "2025-11-13T21:52:54.632Z",
    "updated_at": "2025-11-13T21:53:02.669Z"
  }
},
{
  "model": "main_app.booking",
  "pk": 140,
  "fields": {
    "user": [
      "202280127@psu.palawan.edu.ph"
    ],
    "pc": 3,
    "faculty_booking": null,
    "start_time": "2025-11-14T05:56:03.529Z",
    "end_time": null,
    "status": "cancelled",
    "duration": "00:30:00",
    "expiry": null,
    "created_at": "2025-11-13T21:56:03.563Z",
    "updated_at": "2025-11-13T21:56:29.096Z"
  }
},
{
  "model": "main_app.booking",
  "pk": 141,
  "fields": {
    "user": [
      "202280128@psu.palawan.edu.ph"
    ],
    "pc": 1,
    "faculty_booking": null,
    "start_time": "2025-11-13T21:57:32.487Z",
    "end_time": "2025-11-13T22:27:32.487Z",
    "status": "cancelled",
    "duration": "00:30:00",
    "expiry": "2025-11-13T22:27:32.487Z",
    "created_at": "2025-11-13T21:57:21.772Z",
    "updated_at": "2025-11-13T21:58:32.268Z"
  }
},
{
  "model": "main_app.booking",
  "pk": 142,
  "fields": {
    "user": [
      "202280128@psu.palawan.edu.ph"
    ],
    "pc": 1,
    "faculty_booking": null,
    "start_time": "2025-11-13T21:59:00.309Z",
    "end_time": "2025-11-13T22:29:00.309Z",
    "status": "cancelled",
    "duration": "00:30:00",
    "expiry": "2025-11-13T22:29:00.309Z",
    "created_at": "2025-11-13T21:58:36.696Z",
    "updated_at": "2025-11-13T21:59:07.975Z"
  }
},
{
  "model": "main_app.booking",
  "pk": 143,
  "fields": {
    "user": [
      "202280128@psu.palawan.edu.ph"
    ],
    "pc": 1,
    "faculty_booking": null,
    "start_time": "2025-11-13T21:59:13.913Z",
    "end_time": "2025-11-13T22:29:13.913Z",
    "status": "cancelled",
    "duration": "00:30:00",
    "expiry": "2025-11-13T22:29:13.913Z",
    "created_at": "2025-11-13T21:59:12.231Z",
    "updated_at": "2025-11-13T21:59:26.365Z"
  }
},
{
  "model": "main_app.booking",
  "pk": 146,
  "fields": {
    "user": [
      "202280102@psu.palawan.edu.ph"
    ],
    "pc": 3,
    "faculty_booking": null,
    "start_time": "2025-11-13T22:35:55.497Z",
    "end_time": "2025-11-13T23:05:55.497Z",
    "status": "cancelled",
    "duration": "00:30:00",
    "expiry": "2025-11-13T23:05:55.497Z",
    "created_at": "2025-11-13T22:35:25.237Z",
    "updated_at": "2025-11-13T22:40:54.769Z"
  }
},
{
  "model": "main_app.booking",
  "pk": 148,
  "fields": {
    "user": [
      "202280102@psu.palawan.edu.ph"
    ],
    "pc": 3,
    "faculty_booking": null,
    "start_time": "2025-11-13T22:42:30.907Z",
    "end_time": "2025-11-13T23:12:30.907Z",
    "status": "cancelled",
    "duration": "00:30:00",
    "expiry": "2025-11-13T23:12:30.907Z",
    "created_at": "2025-11-13T22:42:03.004Z",
    "updated_at": "2025-11-13T22:52:31.476Z"
  }
},
{
  "model": "main_app.booking",
  "pk": 151,
  "fields": {
    "user": [
      "202280102@psu.palawan.edu.ph"
    ],
    "pc": 1,
    "faculty_booking": null,
    "start_time": "2025-11-13T22:55:43.755Z",
    "end_time": "2025-11-13T23:25:43.755Z",
    "status": "cancelled",
    "duration": "00:30:00",
    "expiry": "2025-11-13T23:25:43.755Z",
    "created_at": "2025-11-13T22:55:08.140Z",
    "updated_at": "2025-11-13T22:57:26.924Z"
  }
},
{
  "model": "main_app.booking",
  "pk": 153,
  "fields": {
    "user": [
      "202280128@psu.palawan.edu.ph"
    ],
    "pc": 1,
    "faculty_booking": null,
    "start_time": "2025-11-13T22:58:50.518Z",
    "end_time": "2025-11-13T23:28:50.518Z",
    "status": "cancelled",
    "duration": "00:30:00",
    "expiry": "2025-11-13T23:28:50.518Z",
    "created_at": "2025-11-13T22:58:40.259Z",
    "updated_at": "2025-11-13T22:59:15.585Z"
  }
},
{
  "model": "main_app.booking",
  "pk": 154,
  "fields": {
    "user": [
      "202280102@psu.palawan.edu.ph"
    ],
    "pc": 1,
    "faculty_booking": null,
    "start_time": "2025-11-14T06:59:28.312Z",
    "end_time": null,
    "status": "cancelled",
    "duration": "00:30:00",
    "expiry": null,
    "created_at": "2025-11-13T22:59:28.312Z",
    "updated_at": "2025-11-13T23:01:30.473Z"
  }
},
{
  "model": "main_app.booking",
  "pk": 155,
  "fields": {
    "user": [
      "202280102@psu.palawan.edu.ph"
    ],
    "pc": 1,
    "faculty_booking": null,
    "start_time": "2025-11-14T07:01:46.445Z",
    "end_time": null,
    "status": "cancelled",
    "duration": "00:30:00",
    "expiry": null,
    "created_at": "2025-11-13T23:01:46.464Z",
    "updated_at": "2025-11-13T23:04:18.569Z"
  }
},
{
  "model": "main_app.booking",
  "pk": 156,
  "fields": {
    "user": [
      "202280102@psu.palawan.edu.ph"
    ],
    "pc": 1,
    "faculty_booking": null,
    "start_time": "2025-11-14T07:04:26.690Z",
    "end_time": null,
    "status": "cancelled",
    "duration": "00:30:00",
    "expiry": null,
    "created_at": "2025-11-13T23:04:26.690Z",
    "updated_at": "2025-11-13T23:04:45.792Z"
  }
},
{
  "model": "main_app.booking",
  "pk": 157,
  "fields": {
    "user": [
      "202280102@psu.palawan.edu.ph"
    ],
    "pc": 1,
    "faculty_booking": null,
    "start_time": "2025-11-14T07:04:58.052Z",
    "end_time": null,
    "status": "cancelled",
    "duration": "00:30:00",
    "expiry": null,
    "created_at": "2025-11-13T23:04:58.057Z",
    "updated_at": "2025-11-13T23:05:27.109Z"
  }
},
{
  "model": "main_app.booking",
  "pk": 158,
  "fields": {
    "user": [
      "202280102@psu.palawan.edu.ph"
    ],
    "pc": 3,
    "faculty_booking": null,
    "start_time": "2025-11-14T07:05:44.126Z",
    "end_time": null,
    "status": "cancelled",
    "duration": "00:30:00",
    "expiry": null,
    "created_at": "2025-11-13T23:05:44.132Z",
    "updated_at": "2025-11-13T23:09:38.943Z"
  }
},
{
  "model": "main_app.booking",
  "pk": 159,
  "fields": {
    "user": [
      "202280102@psu.palawan.edu.ph"
    ],
    "pc": 3,
    "faculty_booking": null,
    "start_time": "2025-11-14T07:09:44.460Z",
    "end_time": null,
    "status": "cancelled",
    "duration": "00:30:00",
    "expiry": null,
    "created_at": "2025-11-13T23:09:44.470Z",
    "updated_at": "2025-11-13T23:10:43.400Z"
  }
},
{
  "model": "main_app.booking",
  "pk": 161,
  "fields": {
    "user": [
      "202280102@psu.palawan.edu.ph"
    ],
    "pc": 3,
    "faculty_booking": null,
    "start_time": "2025-11-14T07:12:23.335Z",
    "end_time": null,
    "status": "cancelled",
    "duration": "00:30:00",
    "expiry": null,
    "created_at": "2025-11-13T23:12:23.335Z",
    "updated_at": "2025-11-13T23:12:32.000Z"
  }
},
{
  "model": "main_app.booking",
  "pk": 162,
  "fields": {
    "user": [
      "202280102@psu.palawan.edu.ph"
    ],
    "pc": 3,
    "faculty_booking": null,
    "start_time": "2025-11-14T07:12:57.114Z",
    "end_time": null,
    "status": "cancelled",
    "duration": "00:30:00",
    "expiry": null,
    "created_at": "2025-11-13T23:12:57.125Z",
    "updated_at": "2025-11-13T23:14:31.678Z"
  }
},
{
  "model": "main_app.booking",
  "pk": 165,
  "fields": {
    "user": [
      "202280102@psu.palawan.edu.ph"
    ],
    "pc": 1,
    "faculty_booking": null,
    "start_time": "2025-11-14T07:17:25.134Z",
    "end_time": null,
    "status": "cancelled",
    "duration": "00:30:00",
    "expiry": null,
    "created_at": "2025-11-13T23:17:25.142Z",
    "updated_at": "2025-11-13T23:20:19.521Z"
  }
},
{
  "model": "main_app.booking",
  "pk": 166,
  "fields": {
    "user": [
      "202280102@psu.palawan.edu.ph"
    ],
    "pc": 1,
    "faculty_booking": null,
    "start_time": "2025-11-14T07:20:27.676Z",
    "end_time": null,
    "status": "cancelled",
    "duration": "00:30:00",
    "expiry": null,
    "created_at": "2025-11-13T23:20:27.676Z",
    "updated_at": "2025-11-13T23:20:35.796Z"
  }
},
{
  "model": "main_app.booking",
  "pk": 167,
  "fields": {
    "user": [
      "202280102@psu.palawan.edu.ph"
    ],
    "pc": 3,
    "faculty_booking": null,
    "start_time": "2025-11-14T07:41:11.885Z",
    "end_time": null,
    "status": "cancelled",
    "duration": "00:30:00",
    "expiry": null,
    "created_at": "2025-11-13T23:41:11.887Z",
    "updated_at": "2025-11-13T23:43:03.611Z"
  }
},
{
  "model": "main_app.booking",
  "pk": 168,
  "fields": {
    "user": [
      "202280102@psu.palawan.edu.ph"
    ],
    "pc": 3,
    "faculty_booking": null,
    "start_time": "2025-11-14T07:48:27.668Z",
    "end_time": null,
    "status": "cancelled",
    "duration": "00:30:00",
    "expiry": null,
    "created_at": "2025-11-13T23:48:27.673Z",
    "updated_at": "2025-11-13T23:49:45.484Z"
  }
},
{
  "model": "main_app.booking",
  "pk": 169,
  "fields": {
    "user": [
      "202280102@psu.palawan.edu.ph"
    ],
    "pc": 3,
    "faculty_booking": null,
    "start_time": "2025-11-14T07:52:27.747Z",
    "end_time": null,
    "status": "cancelled",
    "duration": "00:30:00",
    "expiry": null,
    "created_at": "2025-11-13T23:52:27.748Z",
    "updated_at": "2025-11-13T23:54:43.829Z"
  }
},
{
  "model": "main_app.booking",
  "pk": 170,
  "fields": {
    "user": [
      "202280102@psu.palawan.edu.ph"
    ],
    "pc": 3,
    "faculty_booking": null,
    "start_time": "2025-11-14T07:54:54.188Z",
    "end_time": null,
    "status": "cancelled",
    "duration": "00:30:00",
    "expiry": null,
    "created_at": "2025-11-13T23:54:54.188Z",
    "updated_at": "2025-11-13T23:55:00.906Z"
  }
},
{
  "model": "main_app.booking",
  "pk": 173,
  "fields": {
    "user": [
      "202280102@psu.palawan.edu.ph"
    ],
    "pc": 3,
    "faculty_booking": null,
    "start_time": "2025-11-14T00:00:26.790Z",
    "end_time": "2025-11-14T00:30:26.790Z",
    "status": "cancelled",
    "duration": "00:30:00",
    "expiry": "2025-11-14T00:30:26.790Z",
    "created_at": "2025-11-14T00:00:07.892Z",
    "updated_at": "2025-11-14T00:01:15.696Z"
  }
},
{
  "model": "main_app.booking",
  "pk": 174,
  "fields": {
    "user": [
      "202280102@psu.palawan.edu.ph"
    ],
    "pc": 3,
    "faculty_booking": null,
    "start_time": "2025-11-14T00:02:11.656Z",
    "end_time": "2025-11-14T00:32:11.656Z",
    "status": "cancelled",
    "duration": "00:30:00",
    "expiry": "2025-11-14T00:32:11.656Z",
    "created_at": "2025-11-14T00:01:58.085Z",
    "updated_at": "2025-11-14T00:03:37.710Z"
  }
},
{
  "model": "main_app.booking",
  "pk": 175,
  "fields": {
    "user": [
      "202280102@psu.palawan.edu.ph"
    ],
    "pc": 3,
    "faculty_booking": null,
    "start_time": "2025-11-14T00:04:38.514Z",
    "end_time": "2025-11-14T00:34:38.514Z",
    "status": "cancelled",
    "duration": "00:30:00",
    "expiry": "2025-11-14T00:34:38.514Z",
    "created_at": "2025-11-14T00:04:25.749Z",
    "updated_at": "2025-11-14T00:05:58.905Z"
  }
},
{
  "model": "main_app.booking",
  "pk": 176,
  "fields": {
    "user": [
      "202280102@psu.palawan.edu.ph"
    ],
    "pc": 3,
    "faculty_booking": null,
    "start_time": "2025-11-14T00:06:31.794Z",
    "end_time": "2025-11-14T00:36:31.794Z",
    "status": "cancelled",
    "duration": "00:30:00",
    "expiry": "2025-11-14T00:36:31.794Z",
    "created_at": "2025-11-14T00:06:24.350Z",
    "updated_at": "2025-11-14T00:07:25.529Z"
  }
},
{
  "model": "main_app.booking",
  "pk": 177,
  "fields": {
    "user": [
      "202280102@psu.palawan.edu.ph"
    ],
    "pc": 3,
    "faculty_booking": null,
    "start_time": "2025-11-14T00:07:39.980Z",
    "end_time": "2025-11-14T00:37:39.980Z",
    "status": "cancelled",
    "duration": "00:30:00",
    "expiry": "2025-11-14T00:37:39.980Z",
    "created_at": "2025-11-14T00:07:30.209Z",
    "updated_at": "2025-11-14T00:09:01.941Z"
  }
},
{
  "model": "main_app.booking",
  "pk": 178,
  "fields": {
    "user": [
      "202280102@psu.palawan.edu.ph"
    ],
    "pc": 3,
    "faculty_booking": null,
    "start_time": "2025-11-14T00:10:19.222Z",
    "end_time": "2025-11-14T00:40:19.222Z",
    "status": "cancelled",
    "duration": "00:30:00",
    "expiry": "2025-11-14T00:40:19.222Z",
    "created_at": "2025-11-14T00:10:07.544Z",
    "updated_at": "2025-11-14T00:10:35.662Z"
  }
},
{
  "model": "main_app.booking",
  "pk": 179,
  "fields": {
    "user": [
      "202280102@psu.palawan.edu.ph"
    ],
    "pc": 3,
    "faculty_booking": null,
    "start_time": "2025-11-14T00:10:47.455Z",
    "end_time": "2025-11-14T00:40:47.455Z",
    "status": "cancelled",
    "duration": "00:30:00",
    "expiry": "2025-11-14T00:40:47.455Z",
    "created_at": "2025-11-14T00:10:39.151Z",
    "updated_at": "2025-11-14T00:11:43.167Z"
  }
},
{
  "model": "main_app.booking",
  "pk": 180,
  "fields": {
    "user": [
      "202280102@psu.palawan.edu.ph"
    ],
    "pc": 3,
    "faculty_booking": null,
    "start_time": "2025-11-14T00:12:19.827Z",
    "end_time": "2025-11-14T00:42:19.827Z",
    "status": "cancelled",
    "duration": "00:30:00",
    "expiry": "2025-11-14T00:42:19.827Z",
    "created_at": "2025-11-14T00:12:10.476Z",
    "updated_at": "2025-11-14T00:13:24.634Z"
  }
},
{
  "model": "main_app.booking",
  "pk": 181,
  "fields": {
    "user": [
      "202280102@psu.palawan.edu.ph"
    ],
    "pc": 3,
    "faculty_booking": null,
    "start_time": "2025-11-14T08:13:50.839Z",
    "end_time": null,
    "status": "cancelled",
    "duration": "00:30:00",
    "expiry": null,
    "created_at": "2025-11-14T00:13:50.839Z",
    "updated_at": "2025-11-14T00:13:59.639Z"
  }
},
{
  "model": "main_app.booking",
  "pk": 182,
  "fields": {
    "user": [
      "202280102@psu.palawan.edu.ph"
    ],
    "pc": 3,
    "faculty_booking": null,
    "start_time": "2025-11-14T00:14:13.716Z",
    "end_time": "2025-11-14T00:44:13.716Z",
    "status": "cancelled",
    "duration": "00:30:00",
    "expiry": "2025-11-14T00:44:13.716Z",
    "created_at": "2025-11-14T00:14:03.489Z",
    "updated_at": "2025-11-14T00:14:31.847Z"
  }
},
{
  "model": "main_app.booking",
  "pk": 183,
  "fields": {
    "user": [
      "202280102@psu.palawan.edu.ph"
    ],
    "pc": 3,
    "faculty_booking": null,
    "start_time": "2025-11-14T00:21:01.543Z",
    "end_time": "2025-11-14T01:21:01.543Z",
    "status": "cancelled",
    "duration": "00:30:00",
    "expiry": "2025-11-14T01:21:01.543Z",
    "created_at": "2025-11-14T00:20:50.334Z",
    "updated_at": "2025-11-14T00:21:38.445Z"
  }
},
{
  "model": "main_app.booking",
  "pk": 184,
  "fields": {
    "user": [
      "202280102@psu.palawan.edu.ph"
    ],
    "pc": 3,
    "faculty_booking": null,
    "start_time": "2025-11-14T00:22:31.503Z",
    "end_time": "2025-11-14T00:52:31.503Z",
    "status": "cancelled",
    "duration": "00:30:00",
    "expiry": "2025-11-14T00:52:31.503Z",
    "created_at": "2025-11-14T00:22:11.529Z",
    "updated_at": "2025-11-14T00:23:22.776Z"
  }
},
{
  "model": "main_app.booking",
  "pk": 185,
  "fields": {
    "user": [
      "202280102@psu.palawan.edu.ph"
    ],
    "pc": 3,
    "faculty_booking": null,
    "start_time": "2025-11-14T00:25:44.056Z",
    "end_time": "2025-11-14T00:55:44.056Z",
    "status": "cancelled",
    "duration": "00:30:00",
    "expiry": "2025-11-14T00:55:44.056Z",
    "created_at": "2025-11-14T00:24:58.652Z",
    "updated_at": "2025-11-14T00:26:15.745Z"
  }
},
{
  "model": "main_app.booking",
  "pk": 186,
  "fields": {
    "user": [
      "202280102@psu.palawan.edu.ph"
    ],
    "pc": 3,
    "faculty_booking": null,
    "start_time": "2025-11-14T00:27:08.784Z",
    "end_time": "2025-11-14T00:57:08.784Z",
    "status": "cancelled",
    "duration": "00:30:00",
    "expiry": "2025-11-14T00:57:08.784Z",
    "created_at": "2025-11-14T00:26:56.819Z",
    "updated_at": "2025-11-14T00:27:49.289Z"
  }
},
{
  "model": "main_app.booking",
  "pk": 187,
  "fields": {
    "user": [
      "202280102@psu.palawan.edu.ph"
    ],
    "pc": 3,
    "faculty_booking": null,
    "start_time": "2025-11-14T08:28:42.503Z",
    "end_time": null,
    "status": "cancelled",
    "duration": "00:30:00",
    "expiry": null,
    "created_at": "2025-11-14T00:28:42.503Z",
    "updated_at": "2025-11-14T00:28:48.366Z"
  }
},
{
  "model": "main_app.booking",
  "pk": 188,
  "fields": {
    "user": [
      "202280102@psu.palawan.edu.ph"
    ],
    "pc": 3,
    "faculty_booking": null,
    "start_time": "2025-11-14T00:30:11.013Z",
    "end_time": "2025-11-14T01:00:11.013Z",
    "status": "cancelled",
    "duration": "00:30:00",
    "expiry": "2025-11-14T01:00:11.013Z",
    "created_at": "2025-11-14T00:29:13.323Z",
    "updated_at": "2025-11-14T00:32:26.228Z"
  }
},
{
  "model": "main_app.booking",
  "pk": 189,
  "fields": {
    "user": [
      "202280102@psu.palawan.edu.ph"
    ],
    "pc": 3,
    "faculty_booking": null,
    "start_time": "2025-11-14T08:32:53.667Z",
    "end_time": null,
    "status": "cancelled",
    "duration": "00:30:00",
    "expiry": null,
    "created_at": "2025-11-14T00:32:53.674Z",
    "updated_at": "2025-11-14T00:33:04.765Z"
  }
},
{
  "model": "main_app.booking",
  "pk": 190,
  "fields": {
    "user": [
      "202280102@psu.palawan.edu.ph"
    ],
    "pc": 3,
    "faculty_booking": null,
    "start_time": "2025-11-14T08:33:33.320Z",
    "end_time": null,
    "status": "cancelled",
    "duration": "00:30:00",
    "expiry": null,
    "created_at": "2025-11-14T00:33:33.320Z",
    "updated_at": "2025-11-14T00:33:38.486Z"
  }
},
{
  "model": "main_app.booking",
  "pk": 196,
  "fields": {
    "user": [
      "202280102@psu.palawan.edu.ph"
    ],
    "pc": 3,
    "faculty_booking": null,
    "start_time": "2025-11-14T08:41:45.562Z",
    "end_time": null,
    "status": "cancelled",
    "duration": "00:30:00",
    "expiry": null,
    "created_at": "2025-11-14T00:41:45.563Z",
    "updated_at": "2025-11-14T00:54:08.172Z"
  }
},
{
  "model": "main_app.booking",
  "pk": 197,
  "fields": {
    "user": [
      "202280102@psu.palawan.edu.ph"
    ],
    "pc": 3,
    "faculty_booking": null,
    "start_time": "2025-11-14T08:54:24.647Z",
    "end_time": null,
    "status": "cancelled",
    "duration": "00:30:00",
    "expiry": null,
    "created_at": "2025-11-14T00:54:24.658Z",
    "updated_at": "2025-11-14T00:54:35.471Z"
  }
},
{
  "model": "main_app.booking",
  "pk": 199,
  "fields": {
    "user": [
      "202280102@psu.palawan.edu.ph"
    ],
    "pc": 1,
    "faculty_booking": null,
    "start_time": "2025-11-14T08:55:38.346Z",
    "end_time": null,
    "status": "cancelled",
    "duration": "00:30:00",
    "expiry": null,
    "created_at": "2025-11-14T00:55:38.346Z",
    "updated_at": "2025-11-14T00:57:20.948Z"
  }
},
{
  "model": "main_app.booking",
  "pk": 202,
  "fields": {
    "user": [
      "202280102@psu.palawan.edu.ph"
    ],
    "pc": 3,
    "faculty_booking": null,
    "start_time": "2025-11-14T08:59:41.676Z",
    "end_time": null,
    "status": "cancelled",
    "duration": "00:30:00",
    "expiry": null,
    "created_at": "2025-11-14T00:59:41.677Z",
    "updated_at": "2025-11-14T01:00:42.657Z"
  }
},
{
  "model": "main_app.booking",
  "pk": 203,
  "fields": {
    "user": [
      "202280102@psu.palawan.edu.ph"
    ],
    "pc": 3,
    "faculty_booking": null,
    "start_time": "2025-11-14T01:03:07.728Z",
    "end_time": "2025-11-14T01:33:07.728Z",
    "status": "cancelled",
    "duration": "00:30:00",
    "expiry": "2025-11-14T01:33:07.728Z",
    "created_at": "2025-11-14T01:01:40.842Z",
    "updated_at": "2025-11-14T01:03:54.536Z"
  }
},
{
  "model": "main_app.booking",
  "pk": 204,
  "fields": {
    "user": [
      "202280102@psu.palawan.edu.ph"
    ],
    "pc": 3,
    "faculty_booking": null,
    "start_time": "2025-11-14T09:04:03.145Z",
    "end_time": null,
    "status": "cancelled",
    "duration": "00:30:00",
    "expiry": null,
    "created_at": "2025-11-14T01:04:03.160Z",
    "updated_at": "2025-11-14T01:04:36.175Z"
  }
},
{
  "model": "main_app.booking",
  "pk": 215,
  "fields": {
    "user": [
      "202280102@psu.palawan.edu.ph"
    ],
    "pc": 3,
    "faculty_booking": null,
    "start_time": "2025-11-14T09:13:28.439Z",
    "end_time": null,
    "status": "cancelled",
    "duration": "00:30:00",
    "expiry": null,
    "created_at": "2025-11-14T01:13:28.439Z",
    "updated_at": "2025-11-14T01:13:38.686Z"
  }
},
{
  "model": "main_app.violation",
  "pk": 1,
  "fields": {
    "user": [
      "202220622@psu.palawan.edu.ph"
    ],
    "pc": null,
    "timestamp": "2025-11-07T16:38:27.587Z",
    "level": "minor",
    "reason": "laro",
    "resolved": true,
    "status": "active"
  }
},
{
  "model": "main_app.violation",
  "pk": 2,
  "fields": {
    "user": [
      "admin"
    ],
    "pc": null,
    "timestamp": "2025-11-07T16:51:09.274Z",
    "level": "minor",
    "reason": "laro",
    "resolved": true,
    "status": "active"
  }
},
{
  "model": "main_app.violation",
  "pk": 3,
  "fields": {
    "user": [
      "202220622@psu.palawan.edu.ph"
    ],
    "pc": null,
    "timestamp": "2025-11-07T16:57:29.097Z",
    "level": "moderate",
    "reason": "laor",
    "resolved": true,
    "status": "active"
  }
},
{
  "model": "main_app.violation",
  "pk": 8,
  "fields": {
    "user": [
      "admin"
    ],
    "pc": null,
    "timestamp": "2025-11-07T18:46:27.129Z",
    "level": "minor",
    "reason": "laro",
    "resolved": true,
    "status": "active"
  }
},
{
  "model": "main_app.violation",
  "pk": 11,
  "fields": {
    "user": [
      "202220622@psu.palawan.edu.ph"
    ],
    "pc": null,
    "timestamp": "2025-11-07T21:44:52.647Z",
    "level": "minor",
    "reason": "laro",
    "resolved": true,
    "status": "active"
  }
},
{
  "model": "main_app.violation",
  "pk": 19,
  "fields": {
    "user": [
      "202280348@psu.palawan.edu.ph"
    ],
    "pc": null,
    "timestamp": "2025-11-09T19:56:35.676Z",
    "level": "major",
    "reason": "nahuli",
    "resolved": true,
    "status": "active"
  }
},
{
  "model": "main_app.violation",
  "pk": 20,
  "fields": {
    "user": [
      "202280102@psu.palawan.edu.ph"
    ],
    "pc": null,
    "timestamp": "2025-11-14T10:42:05.104Z",
    "level": "major",
    "reason": "laro",
    "resolved": false,
    "status": "suspended"
  }
},
{
  "model": "main_app.peripheralevent",
  "pk": 1,
  "fields": {
    "pc": null,
    "device_id": "USBSTOR\\DISK&VEN_GENERAL&PROD_UDISK&REV_5.00\\2501020245356546342103&0",
    "device_name": "General UDisk USB Device",
    "action": "attached",
    "metadata": {
      "action": "attached",
      "pc_name": "BRYAN",
      "device_id": "USBSTOR\\DISK&VEN_GENERAL&PROD_UDISK&REV_5.00\\2501020245356546342103&0",
      "device_name": "General UDisk USB Device"
    },
    "created_at": "2025-11-09T18:52:29.628Z"
  }
},
{
  "model": "main_app.peripheralevent",
  "pk": 2,
  "fields": {
    "pc": null,
    "device_id": "USB\\VID_048D&PID_1234\\2501020245356546342103",
    "device_name": "USB Mass Storage Device",
    "action": "attached",
    "metadata": {
      "action": "attached",
      "pc_name": "BRYAN",
      "device_id": "USB\\VID_048D&PID_1234\\2501020245356546342103",
      "device_name": "USB Mass Storage Device"
    },
    "created_at": "2025-11-09T18:52:29.796Z"
  }
},
{
  "model": "main_app.peripheralevent",
  "pk": 3,
  "fields": {
    "pc": null,
    "device_id": "USBSTOR\\DISK&VEN_GENERAL&PROD_UDISK&REV_5.00\\2501020245356546342103&0",
    "device_name": "General UDisk USB Device",
    "action": "removed",
    "metadata": {
      "action": "removed",
      "pc_name": "BRYAN",
      "device_id": "USBSTOR\\DISK&VEN_GENERAL&PROD_UDISK&REV_5.00\\2501020245356546342103&0",
      "device_name": "General UDisk USB Device"
    },
    "created_at": "2025-11-09T18:52:44.150Z"
  }
},
{
  "model": "main_app.peripheralevent",
  "pk": 4,
  "fields": {
    "pc": null,
    "device_id": "USB\\VID_048D&PID_1234\\2501020245356546342103",
    "device_name": "USB Mass Storage Device",
    "action": "removed",
    "metadata": {
      "action": "removed",
      "pc_name": "BRYAN",
      "device_id": "USB\\VID_048D&PID_1234\\2501020245356546342103",
      "device_name": "USB Mass Storage Device"
    },
    "created_at": "2025-11-09T18:52:44.184Z"
  }
},
{
  "model": "main_app.peripheralevent",
  "pk": 5,
  "fields": {
    "pc": null,
    "device_id": "USBSTOR\\DISK&VEN_GENERAL&PROD_UDISK&REV_5.00\\2501020245356546342103&0",
    "device_name": "General UDisk USB Device",
    "action": "attached",
    "metadata": {
      "action": "attached",
      "pc_name": "BRYAN",
      "device_id": "USBSTOR\\DISK&VEN_GENERAL&PROD_UDISK&REV_5.00\\2501020245356546342103&0",
      "device_name": "General UDisk USB Device"
    },
    "created_at": "2025-11-09T18:53:03.133Z"
  }
},
{
  "model": "main_app.peripheralevent",
  "pk": 6,
  "fields": {
    "pc": null,
    "device_id": "USB\\VID_048D&PID_1234\\2501020245356546342103",
    "device_name": "USB Mass Storage Device",
    "action": "attached",
    "metadata": {
      "action": "attached",
      "pc_name": "BRYAN",
      "device_id": "USB\\VID_048D&PID_1234\\2501020245356546342103",
      "device_name": "USB Mass Storage Device"
    },
    "created_at": "2025-11-09T18:53:03.166Z"
  }
},
{
  "model": "main_app.peripheralevent",
  "pk": 7,
  "fields": {
    "pc": null,
    "device_id": "USBSTOR\\DISK&VEN_GENERAL&PROD_UDISK&REV_5.00\\2501020245356546342103&0",
    "device_name": "General UDisk USB Device",
    "action": "removed",
    "metadata": {
      "action": "removed",
      "pc_name": "BRYAN",
      "device_id": "USBSTOR\\DISK&VEN_GENERAL&PROD_UDISK&REV_5.00\\2501020245356546342103&0",
      "device_name": "General UDisk USB Device"
    },
    "created_at": "2025-11-09T18:53:10.409Z"
  }
},
{
  "model": "main_app.peripheralevent",
  "pk": 8,
  "fields": {
    "pc": null,
    "device_id": "USB\\VID_048D&PID_1234\\2501020245356546342103",
    "device_name": "USB Mass Storage Device",
    "action": "removed",
    "metadata": {
      "action": "removed",
      "pc_name": "BRYAN",
      "device_id": "USB\\VID_048D&PID_1234\\2501020245356546342103",
      "device_name": "USB Mass Storage Device"
    },
    "created_at": "2025-11-09T18:53:10.434Z"
  }
},
{
  "model": "main_app.peripheralevent",
  "pk": 9,
  "fields": {
    "pc": null,
    "device_id": "USBSTOR\\DISK&VEN_GENERAL&PROD_UDISK&REV_5.00\\2501020245356546342103&0",
    "device_name": "General UDisk USB Device",
    "action": "attached",
    "metadata": {
      "action": "attached",
      "pc_name": "BRYAN",
      "device_id": "USBSTOR\\DISK&VEN_GENERAL&PROD_UDISK&REV_5.00\\2501020245356546342103&0",
      "device_name": "General UDisk USB Device"
    },
    "created_at": "2025-11-09T18:53:29.659Z"
  }
},
{
  "model": "main_app.peripheralevent",
  "pk": 10,
  "fields": {
    "pc": null,
    "device_id": "USB\\VID_048D&PID_1234\\2501020245356546342103",
    "device_name": "USB Mass Storage Device",
    "action": "attached",
    "metadata": {
      "action": "attached",
      "pc_name": "BRYAN",
      "device_id": "USB\\VID_048D&PID_1234\\2501020245356546342103",
      "device_name": "USB Mass Storage Device"
    },
    "created_at": "2025-11-09T18:53:29.683Z"
  }
},
{
  "model": "main_app.peripheralevent",
  "pk": 11,
  "fields": {
    "pc": null,
    "device_id": "USBSTOR\\DISK&VEN_GENERAL&PROD_UDISK&REV_5.00\\2501020245356546342103&0",
    "device_name": "General UDisk USB Device",
    "action": "removed",
    "metadata": {
      "action": "removed",
      "pc_name": "BRYAN",
      "device_id": "USBSTOR\\DISK&VEN_GENERAL&PROD_UDISK&REV_5.00\\2501020245356546342103&0",
      "device_name": "General UDisk USB Device"
    },
    "created_at": "2025-11-09T18:53:41.602Z"
  }
},
{
  "model": "main_app.peripheralevent",
  "pk": 12,
  "fields": {
    "pc": null,
    "device_id": "USB\\VID_048D&PID_1234\\2501020245356546342103",
    "device_name": "USB Mass Storage Device",
    "action": "removed",
    "metadata": {
      "action": "removed",
      "pc_name": "BRYAN",
      "device_id": "USB\\VID_048D&PID_1234\\2501020245356546342103",
      "device_name": "USB Mass Storage Device"
    },
    "created_at": "2025-11-09T18:53:41.626Z"
  }
},
{
  "model": "main_app.peripheralevent",
  "pk": 13,
  "fields": {
    "pc": null,
    "device_id": "USBSTOR\\DISK&VEN_GENERAL&PROD_UDISK&REV_5.00\\2501020245356546342103&0",
    "device_name": "General UDisk USB Device",
    "action": "attached",
    "metadata": {
      "action": "attached",
      "pc_name": "BRYAN",
      "device_id": "USBSTOR\\DISK&VEN_GENERAL&PROD_UDISK&REV_5.00\\2501020245356546342103&0",
      "device_name": "General UDisk USB Device"
    },
    "created_at": "2025-11-09T18:54:51.098Z"
  }
},
{
  "model": "main_app.peripheralevent",
  "pk": 14,
  "fields": {
    "pc": null,
    "device_id": "USB\\VID_048D&PID_1234\\2501020245356546342103",
    "device_name": "USB Mass Storage Device",
    "action": "attached",
    "metadata": {
      "action": "attached",
      "pc_name": "BRYAN",
      "device_id": "USB\\VID_048D&PID_1234\\2501020245356546342103",
      "device_name": "USB Mass Storage Device"
    },
    "created_at": "2025-11-09T18:54:51.222Z"
  }
},
{
  "model": "main_app.peripheralevent",
  "pk": 15,
  "fields": {
    "pc": null,
    "device_id": "USBSTOR\\DISK&VEN_GENERAL&PROD_UDISK&REV_5.00\\2501020245356546342103&0",
    "device_name": "General UDisk USB Device",
    "action": "removed",
    "metadata": {
      "action": "removed",
      "pc_name": "BRYAN",
      "device_id": "USBSTOR\\DISK&VEN_GENERAL&PROD_UDISK&REV_5.00\\2501020245356546342103&0",
      "device_name": "General UDisk USB Device"
    },
    "created_at": "2025-11-09T18:57:07.189Z"
  }
},
{
  "model": "main_app.peripheralevent",
  "pk": 16,
  "fields": {
    "pc": null,
    "device_id": "USB\\VID_048D&PID_1234\\2501020245356546342103",
    "device_name": "USB Mass Storage Device",
    "action": "removed",
    "metadata": {
      "action": "removed",
      "pc_name": "BRYAN",
      "device_id": "USB\\VID_048D&PID_1234\\2501020245356546342103",
      "device_name": "USB Mass Storage Device"
    },
    "created_at": "2025-11-09T18:57:07.215Z"
  }
},
{
  "model": "main_app.peripheralevent",
  "pk": 17,
  "fields": {
    "pc": null,
    "device_id": "USBSTOR\\DISK&VEN_CHIPSBNK&PROD_FLASH_DISK&REV_5.00\\7&9836957&0",
    "device_name": "ChipsBnk Flash Disk USB Device",
    "action": "removed",
    "metadata": {
      "action": "removed",
      "pc_name": "ACE",
      "device_id": "USBSTOR\\DISK&VEN_CHIPSBNK&PROD_FLASH_DISK&REV_5.00\\7&9836957&0",
      "device_name": "ChipsBnk Flash Disk USB Device"
    },
    "created_at": "2025-11-09T19:02:56.903Z"
  }
},
{
  "model": "main_app.peripheralevent",
  "pk": 18,
  "fields": {
    "pc": null,
    "device_id": "USB\\VID_1E3D&PID_198A\\6&BDE83B9&0&2",
    "device_name": "USB Mass Storage Device",
    "action": "removed",
    "metadata": {
      "action": "removed",
      "pc_name": "ACE",
      "device_id": "USB\\VID_1E3D&PID_198A\\6&BDE83B9&0&2",
      "device_name": "USB Mass Storage Device"
    },
    "created_at": "2025-11-09T19:02:57.141Z"
  }
},
{
  "model": "main_app.peripheralevent",
  "pk": 19,
  "fields": {
    "pc": null,
    "device_id": "USBSTOR\\DISK&VEN_CHIPSBNK&PROD_FLASH_DISK&REV_5.00\\7&9836957&0",
    "device_name": "ChipsBnk Flash Disk USB Device",
    "action": "attached",
    "metadata": {
      "action": "attached",
      "pc_name": "ACE",
      "device_id": "USBSTOR\\DISK&VEN_CHIPSBNK&PROD_FLASH_DISK&REV_5.00\\7&9836957&0",
      "device_name": "ChipsBnk Flash Disk USB Device"
    },
    "created_at": "2025-11-09T19:02:59.905Z"
  }
},
{
  "model": "main_app.peripheralevent",
  "pk": 20,
  "fields": {
    "pc": null,
    "device_id": "USB\\VID_1E3D&PID_198A\\6&BDE83B9&0&2",
    "device_name": "USB Mass Storage Device",
    "action": "attached",
    "metadata": {
      "action": "attached",
      "pc_name": "ACE",
      "device_id": "USB\\VID_1E3D&PID_198A\\6&BDE83B9&0&2",
      "device_name": "USB Mass Storage Device"
    },
    "created_at": "2025-11-09T19:02:59.961Z"
  }
},
{
  "model": "main_app.peripheralevent",
  "pk": 21,
  "fields": {
    "pc": null,
    "device_id": "USBSTOR\\DISK&VEN_CHIPSBNK&PROD_FLASH_DISK&REV_5.00\\7&9836957&0",
    "device_name": "ChipsBnk Flash Disk USB Device",
    "action": "removed",
    "metadata": {
      "action": "removed",
      "pc_name": "ACE",
      "device_id": "USBSTOR\\DISK&VEN_CHIPSBNK&PROD_FLASH_DISK&REV_5.00\\7&9836957&0",
      "device_name": "ChipsBnk Flash Disk USB Device"
    },
    "created_at": "2025-11-09T19:03:15.306Z"
  }
},
{
  "model": "main_app.peripheralevent",
  "pk": 22,
  "fields": {
    "pc": null,
    "device_id": "USB\\VID_1E3D&PID_198A\\6&BDE83B9&0&2",
    "device_name": "USB Mass Storage Device",
    "action": "removed",
    "metadata": {
      "action": "removed",
      "pc_name": "ACE",
      "device_id": "USB\\VID_1E3D&PID_198A\\6&BDE83B9&0&2",
      "device_name": "USB Mass Storage Device"
    },
    "created_at": "2025-11-09T19:03:15.352Z"
  }
},
{
  "model": "main_app.peripheralevent",
  "pk": 23,
  "fields": {
    "pc": null,
    "device_id": "USB\\VID_1E3D&PID_198A\\5&54725E2&0&4",
    "device_name": "USB Mass Storage Device",
    "action": "attached",
    "metadata": {
      "action": "attached",
      "pc_name": "LAPTOP-2DDGTR7O",
      "device_id": "USB\\VID_1E3D&PID_198A\\5&54725E2&0&4",
      "device_name": "USB Mass Storage Device"
    },
    "created_at": "2025-11-09T19:04:15.504Z"
  }
},
{
  "model": "main_app.peripheralevent",
  "pk": 24,
  "fields": {
    "pc": null,
    "device_id": "USBSTOR\\DISK&VEN_CHIPSBNK&PROD_FLASH_DISK&REV_5.00\\6&2CEFB324&0",
    "device_name": "ChipsBnk Flash Disk USB Device",
    "action": "attached",
    "metadata": {
      "action": "attached",
      "pc_name": "LAPTOP-2DDGTR7O",
      "device_id": "USBSTOR\\DISK&VEN_CHIPSBNK&PROD_FLASH_DISK&REV_5.00\\6&2CEFB324&0",
      "device_name": "ChipsBnk Flash Disk USB Device"
    },
    "created_at": "2025-11-09T19:04:15.613Z"
  }
},
{
  "model": "main_app.peripheralevent",
  "pk": 25,
  "fields": {
    "pc": null,
    "device_id": "USB\\VID_1E3D&PID_198A\\5&54725E2&0&4",
    "device_name": "USB Mass Storage Device",
    "action": "removed",
    "metadata": {
      "action": "removed",
      "pc_name": "LAPTOP-2DDGTR7O",
      "device_id": "USB\\VID_1E3D&PID_198A\\5&54725E2&0&4",
      "device_name": "USB Mass Storage Device"
    },
    "created_at": "2025-11-09T19:04:32.738Z"
  }
},
{
  "model": "main_app.peripheralevent",
  "pk": 26,
  "fields": {
    "pc": null,
    "device_id": "USBSTOR\\DISK&VEN_CHIPSBNK&PROD_FLASH_DISK&REV_5.00\\6&2CEFB324&0",
    "device_name": "ChipsBnk Flash Disk USB Device",
    "action": "removed",
    "metadata": {
      "action": "removed",
      "pc_name": "LAPTOP-2DDGTR7O",
      "device_id": "USBSTOR\\DISK&VEN_CHIPSBNK&PROD_FLASH_DISK&REV_5.00\\6&2CEFB324&0",
      "device_name": "ChipsBnk Flash Disk USB Device"
    },
    "created_at": "2025-11-09T19:04:32.777Z"
  }
},
{
  "model": "main_app.peripheralevent",
  "pk": 27,
  "fields": {
    "pc": null,
    "device_id": "USB\\VID_1E3D&PID_198A\\5&54725E2&0&4",
    "device_name": "USB Mass Storage Device",
    "action": "attached",
    "metadata": {
      "action": "attached",
      "pc_name": "LAPTOP-2DDGTR7O",
      "device_id": "USB\\VID_1E3D&PID_198A\\5&54725E2&0&4",
      "device_name": "USB Mass Storage Device"
    },
    "created_at": "2025-11-09T19:05:09.023Z"
  }
},
{
  "model": "main_app.peripheralevent",
  "pk": 28,
  "fields": {
    "pc": null,
    "device_id": "USBSTOR\\DISK&VEN_CHIPSBNK&PROD_FLASH_DISK&REV_5.00\\6&2CEFB324&0",
    "device_name": "ChipsBnk Flash Disk USB Device",
    "action": "attached",
    "metadata": {
      "action": "attached",
      "pc_name": "LAPTOP-2DDGTR7O",
      "device_id": "USBSTOR\\DISK&VEN_CHIPSBNK&PROD_FLASH_DISK&REV_5.00\\6&2CEFB324&0",
      "device_name": "ChipsBnk Flash Disk USB Device"
    },
    "created_at": "2025-11-09T19:05:09.085Z"
  }
},
{
  "model": "main_app.peripheralevent",
  "pk": 29,
  "fields": {
    "pc": null,
    "device_id": "USB\\VID_1E3D&PID_198A\\5&54725E2&0&4",
    "device_name": "USB Mass Storage Device",
    "action": "removed",
    "metadata": {
      "action": "removed",
      "pc_name": "LAPTOP-2DDGTR7O",
      "device_id": "USB\\VID_1E3D&PID_198A\\5&54725E2&0&4",
      "device_name": "USB Mass Storage Device"
    },
    "created_at": "2025-11-09T19:52:32.529Z"
  }
},
{
  "model": "main_app.peripheralevent",
  "pk": 30,
  "fields": {
    "pc": null,
    "device_id": "USBSTOR\\DISK&VEN_CHIPSBNK&PROD_FLASH_DISK&REV_5.00\\6&2CEFB324&0",
    "device_name": "ChipsBnk Flash Disk USB Device",
    "action": "removed",
    "metadata": {
      "action": "removed",
      "pc_name": "LAPTOP-2DDGTR7O",
      "device_id": "USBSTOR\\DISK&VEN_CHIPSBNK&PROD_FLASH_DISK&REV_5.00\\6&2CEFB324&0",
      "device_name": "ChipsBnk Flash Disk USB Device"
    },
    "created_at": "2025-11-09T19:52:32.655Z"
  }
},
{
  "model": "main_app.peripheralevent",
  "pk": 31,
  "fields": {
    "pc": null,
    "device_id": "USB\\VID_1E3D&PID_198A\\5&54725E2&0&4",
    "device_name": "USB Mass Storage Device",
    "action": "attached",
    "metadata": {
      "action": "attached",
      "pc_name": "LAPTOP-2DDGTR7O",
      "device_id": "USB\\VID_1E3D&PID_198A\\5&54725E2&0&4",
      "device_name": "USB Mass Storage Device"
    },
    "created_at": "2025-11-09T19:52:43.511Z"
  }
},
{
  "model": "main_app.peripheralevent",
  "pk": 32,
  "fields": {
    "pc": null,
    "device_id": "USBSTOR\\DISK&VEN_CHIPSBNK&PROD_FLASH_DISK&REV_5.00\\6&2CEFB324&0",
    "device_name": "ChipsBnk Flash Disk USB Device",
    "action": "attached",
    "metadata": {
      "action": "attached",
      "pc_name": "LAPTOP-2DDGTR7O",
      "device_id": "USBSTOR\\DISK&VEN_CHIPSBNK&PROD_FLASH_DISK&REV_5.00\\6&2CEFB324&0",
      "device_name": "ChipsBnk Flash Disk USB Device"
    },
    "created_at": "2025-11-09T19:52:43.574Z"
  }
},
{
  "model": "main_app.peripheralevent",
  "pk": 33,
  "fields": {
    "pc": null,
    "device_id": "HID\\VID_AC90&PID_3002\\7&341FD876&0&0000",
    "device_name": "HID Keyboard Device",
    "action": "removed",
    "metadata": {
      "action": "removed",
      "pc_name": "BRYAN",
      "device_id": "HID\\VID_AC90&PID_3002\\7&341FD876&0&0000",
      "device_name": "HID Keyboard Device"
    },
    "created_at": "2025-11-12T05:48:48.854Z"
  }
},
{
  "model": "main_app.peripheralevent",
  "pk": 34,
  "fields": {
    "pc": null,
    "device_id": "USB\\VID_AC90&PID_3002\\APP-000000000",
    "device_name": "USB Input Device",
    "action": "removed",
    "metadata": {
      "action": "removed",
      "pc_name": "BRYAN",
      "device_id": "USB\\VID_AC90&PID_3002\\APP-000000000",
      "device_name": "USB Input Device"
    },
    "created_at": "2025-11-12T05:48:49.058Z"
  }
},
{
  "model": "main_app.peripheralevent",
  "pk": 35,
  "fields": {
    "pc": null,
    "device_id": "HID\\VID_AC90&PID_3002\\7&341FD876&0&0000",
    "device_name": "HID Keyboard Device",
    "action": "attached",
    "metadata": {
      "action": "attached",
      "pc_name": "BRYAN",
      "device_id": "HID\\VID_AC90&PID_3002\\7&341FD876&0&0000",
      "device_name": "HID Keyboard Device"
    },
    "created_at": "2025-11-12T05:49:01.889Z"
  }
},
{
  "model": "main_app.peripheralevent",
  "pk": 36,
  "fields": {
    "pc": null,
    "device_id": "USB\\VID_AC90&PID_3002\\APP-000000000",
    "device_name": "USB Input Device",
    "action": "attached",
    "metadata": {
      "action": "attached",
      "pc_name": "BRYAN",
      "device_id": "USB\\VID_AC90&PID_3002\\APP-000000000",
      "device_name": "USB Input Device"
    },
    "created_at": "2025-11-12T05:49:01.933Z"
  }
},
{
  "model": "main_app.peripheralevent",
  "pk": 37,
  "fields": {
    "pc": null,
    "device_id": "HID\\VID_AC90&PID_3002\\7&341FD876&0&0000",
    "device_name": "HID Keyboard Device",
    "action": "removed",
    "metadata": {
      "action": "removed",
      "pc_name": "BRYAN",
      "device_id": "HID\\VID_AC90&PID_3002\\7&341FD876&0&0000",
      "device_name": "HID Keyboard Device"
    },
    "created_at": "2025-11-12T05:50:00.720Z"
  }
},
{
  "model": "main_app.peripheralevent",
  "pk": 38,
  "fields": {
    "pc": null,
    "device_id": "USB\\VID_AC90&PID_3002\\APP-000000000",
    "device_name": "USB Input Device",
    "action": "removed",
    "metadata": {
      "action": "removed",
      "pc_name": "BRYAN",
      "device_id": "USB\\VID_AC90&PID_3002\\APP-000000000",
      "device_name": "USB Input Device"
    },
    "created_at": "2025-11-12T05:50:00.772Z"
  }
},
{
  "model": "main_app.peripheralevent",
  "pk": 39,
  "fields": {
    "pc": null,
    "device_id": "HID\\VID_AC90&PID_3002\\7&341FD876&0&0000",
    "device_name": "HID Keyboard Device",
    "action": "attached",
    "metadata": {
      "action": "attached",
      "pc_name": "BRYAN",
      "device_id": "HID\\VID_AC90&PID_3002\\7&341FD876&0&0000",
      "device_name": "HID Keyboard Device"
    },
    "created_at": "2025-11-12T05:50:23.801Z"
  }
},
{
  "model": "main_app.peripheralevent",
  "pk": 40,
  "fields": {
    "pc": null,
    "device_id": "USB\\VID_AC90&PID_3002\\APP-000000000",
    "device_name": "USB Input Device",
    "action": "attached",
    "metadata": {
      "action": "attached",
      "pc_name": "BRYAN",
      "device_id": "USB\\VID_AC90&PID_3002\\APP-000000000",
      "device_name": "USB Input Device"
    },
    "created_at": "2025-11-12T05:50:23.846Z"
  }
},
{
  "model": "main_app.peripheralevent",
  "pk": 41,
  "fields": {
    "pc": null,
    "device_id": "HID\\VID_AC90&PID_3002\\7&341FD876&0&0000",
    "device_name": "HID Keyboard Device",
    "action": "removed",
    "metadata": {
      "action": "removed",
      "pc_name": "BRYAN",
      "device_id": "HID\\VID_AC90&PID_3002\\7&341FD876&0&0000",
      "device_name": "HID Keyboard Device"
    },
    "created_at": "2025-11-12T06:41:02.943Z"
  }
},
{
  "model": "main_app.peripheralevent",
  "pk": 42,
  "fields": {
    "pc": null,
    "device_id": "USB\\VID_AC90&PID_3002\\APP-000000000",
    "device_name": "USB Input Device",
    "action": "removed",
    "metadata": {
      "action": "removed",
      "pc_name": "BRYAN",
      "device_id": "USB\\VID_AC90&PID_3002\\APP-000000000",
      "device_name": "USB Input Device"
    },
    "created_at": "2025-11-12T06:41:02.988Z"
  }
},
{
  "model": "main_app.peripheralevent",
  "pk": 43,
  "fields": {
    "pc": null,
    "device_id": "HID\\VID_AC90&PID_3002\\7&341FD876&0&0000",
    "device_name": "HID Keyboard Device",
    "action": "attached",
    "metadata": {
      "action": "attached",
      "pc_name": "BRYAN",
      "device_id": "HID\\VID_AC90&PID_3002\\7&341FD876&0&0000",
      "device_name": "HID Keyboard Device"
    },
    "created_at": "2025-11-12T06:41:10.147Z"
  }
},
{
  "model": "main_app.peripheralevent",
  "pk": 44,
  "fields": {
    "pc": null,
    "device_id": "USB\\VID_AC90&PID_3002\\APP-000000000",
    "device_name": "USB Input Device",
    "action": "attached",
    "metadata": {
      "action": "attached",
      "pc_name": "BRYAN",
      "device_id": "USB\\VID_AC90&PID_3002\\APP-000000000",
      "device_name": "USB Input Device"
    },
    "created_at": "2025-11-12T06:41:10.197Z"
  }
},
{
  "model": "main_app.peripheralevent",
  "pk": 45,
  "fields": {
    "pc": null,
    "device_id": "USB\\VID_0930&PID_6545\\B06EBF0AB430E37110005050",
    "device_name": "USB Mass Storage Device",
    "action": "removed",
    "metadata": {
      "action": "removed",
      "pc_name": "LAPTOP-2DDGTR7O",
      "device_id": "USB\\VID_0930&PID_6545\\B06EBF0AB430E37110005050",
      "device_name": "USB Mass Storage Device"
    },
    "created_at": "2025-11-13T05:16:34.487Z"
  }
},
{
  "model": "main_app.peripheralevent",
  "pk": 46,
  "fields": {
    "pc": null,
    "device_id": "USBSTOR\\DISK&VEN_&PROD_USB_FLASH_MEMORY&REV_PMAP\\B06EBF0AB430E37110005050&0",
    "device_name": "USB Flash Memory USB Device",
    "action": "removed",
    "metadata": {
      "action": "removed",
      "pc_name": "LAPTOP-2DDGTR7O",
      "device_id": "USBSTOR\\DISK&VEN_&PROD_USB_FLASH_MEMORY&REV_PMAP\\B06EBF0AB430E37110005050&0",
      "device_name": "USB Flash Memory USB Device"
    },
    "created_at": "2025-11-13T05:16:34.636Z"
  }
},
{
  "model": "main_app.peripheralevent",
  "pk": 47,
  "fields": {
    "pc": null,
    "device_id": "USB\\VID_0930&PID_6545\\B06EBF0AB430E37110005050",
    "device_name": "USB Mass Storage Device",
    "action": "attached",
    "metadata": {
      "action": "attached",
      "pc_name": "LAPTOP-2DDGTR7O",
      "device_id": "USB\\VID_0930&PID_6545\\B06EBF0AB430E37110005050",
      "device_name": "USB Mass Storage Device"
    },
    "created_at": "2025-11-13T05:16:45.443Z"
  }
},
{
  "model": "main_app.peripheralevent",
  "pk": 48,
  "fields": {
    "pc": null,
    "device_id": "USBSTOR\\DISK&VEN_&PROD_USB_FLASH_MEMORY&REV_PMAP\\B06EBF0AB430E37110005050&0",
    "device_name": "USB Flash Memory USB Device",
    "action": "attached",
    "metadata": {
      "action": "attached",
      "pc_name": "LAPTOP-2DDGTR7O",
      "device_id": "USBSTOR\\DISK&VEN_&PROD_USB_FLASH_MEMORY&REV_PMAP\\B06EBF0AB430E37110005050&0",
      "device_name": "USB Flash Memory USB Device"
    },
    "created_at": "2025-11-13T05:16:45.498Z"
  }
},
{
  "model": "main_app.peripheralevent",
  "pk": 49,
  "fields": {
    "pc": null,
    "device_id": "USB\\VID_0930&PID_6545\\B06EBF0AB430E37110005050",
    "device_name": "USB Mass Storage Device",
    "action": "removed",
    "metadata": {
      "action": "removed",
      "pc_name": "LAPTOP-2DDGTR7O",
      "device_id": "USB\\VID_0930&PID_6545\\B06EBF0AB430E37110005050",
      "device_name": "USB Mass Storage Device"
    },
    "created_at": "2025-11-13T05:24:24.647Z"
  }
},
{
  "model": "main_app.peripheralevent",
  "pk": 50,
  "fields": {
    "pc": null,
    "device_id": "USBSTOR\\DISK&VEN_&PROD_USB_FLASH_MEMORY&REV_PMAP\\B06EBF0AB430E37110005050&0",
    "device_name": "USB Flash Memory USB Device",
    "action": "removed",
    "metadata": {
      "action": "removed",
      "pc_name": "LAPTOP-2DDGTR7O",
      "device_id": "USBSTOR\\DISK&VEN_&PROD_USB_FLASH_MEMORY&REV_PMAP\\B06EBF0AB430E37110005050&0",
      "device_name": "USB Flash Memory USB Device"
    },
    "created_at": "2025-11-13T05:24:24.731Z"
  }
},
{
  "model": "main_app.peripheralevent",
  "pk": 51,
  "fields": {
    "pc": null,
    "device_id": "USB\\VID_0930&PID_6545\\B06EBF0AB430E37110005050",
    "device_name": "USB Mass Storage Device",
    "action": "attached",
    "metadata": {
      "action": "attached",
      "pc_name": "LAPTOP-2DDGTR7O",
      "device_id": "USB\\VID_0930&PID_6545\\B06EBF0AB430E37110005050",
      "device_name": "USB Mass Storage Device"
    },
    "created_at": "2025-11-13T05:24:29.378Z"
  }
},
{
  "model": "main_app.peripheralevent",
  "pk": 52,
  "fields": {
    "pc": null,
    "device_id": "USBSTOR\\DISK&VEN_&PROD_USB_FLASH_MEMORY&REV_PMAP\\B06EBF0AB430E37110005050&0",
    "device_name": "USB Flash Memory USB Device",
    "action": "attached",
    "metadata": {
      "action": "attached",
      "pc_name": "LAPTOP-2DDGTR7O",
      "device_id": "USBSTOR\\DISK&VEN_&PROD_USB_FLASH_MEMORY&REV_PMAP\\B06EBF0AB430E37110005050&0",
      "device_name": "USB Flash Memory USB Device"
    },
    "created_at": "2025-11-13T05:24:29.471Z"
  }
},
{
  "model": "main_app.peripheralevent",
  "pk": 53,
  "fields": {
    "pc": null,
    "device_id": "USB\\VID_0930&PID_6545\\B06EBF0AB430E37110005050",
    "device_name": "USB Mass Storage Device",
    "action": "removed",
    "metadata": {
      "action": "removed",
      "pc_name": "LAPTOP-2DDGTR7O",
      "device_id": "USB\\VID_0930&PID_6545\\B06EBF0AB430E37110005050",
      "device_name": "USB Mass Storage Device"
    },
    "created_at": "2025-11-13T05:32:40.414Z"
  }
},
{
  "model": "main_app.peripheralevent",
  "pk": 54,
  "fields": {
    "pc": null,
    "device_id": "USBSTOR\\DISK&VEN_&PROD_USB_FLASH_MEMORY&REV_PMAP\\B06EBF0AB430E37110005050&0",
    "device_name": "USB Flash Memory USB Device",
    "action": "removed",
    "metadata": {
      "action": "removed",
      "pc_name": "LAPTOP-2DDGTR7O",
      "device_id": "USBSTOR\\DISK&VEN_&PROD_USB_FLASH_MEMORY&REV_PMAP\\B06EBF0AB430E37110005050&0",
      "device_name": "USB Flash Memory USB Device"
    },
    "created_at": "2025-11-13T05:32:40.633Z"
  }
},
{
  "model": "main_app.peripheralevent",
  "pk": 55,
  "fields": {
    "pc": null,
    "device_id": "USB\\VID_0930&PID_6545\\B06EBF0AB430E37110005050",
    "device_name": "USB Mass Storage Device",
    "action": "attached",
    "metadata": {
      "action": "attached",
      "pc_name": "LAPTOP-2DDGTR7O",
      "device_id": "USB\\VID_0930&PID_6545\\B06EBF0AB430E37110005050",
      "device_name": "USB Mass Storage Device"
    },
    "created_at": "2025-11-13T05:32:51.686Z"
  }
},
{
  "model": "main_app.peripheralevent",
  "pk": 56,
  "fields": {
    "pc": null,
    "device_id": "USBSTOR\\DISK&VEN_&PROD_USB_FLASH_MEMORY&REV_PMAP\\B06EBF0AB430E37110005050&0",
    "device_name": "USB Flash Memory USB Device",
    "action": "attached",
    "metadata": {
      "action": "attached",
      "pc_name": "LAPTOP-2DDGTR7O",
      "device_id": "USBSTOR\\DISK&VEN_&PROD_USB_FLASH_MEMORY&REV_PMAP\\B06EBF0AB430E37110005050&0",
      "device_name": "USB Flash Memory USB Device"
    },
    "created_at": "2025-11-13T05:32:51.905Z"
  }
},
{
  "model": "main_app.peripheralevent",
  "pk": 57,
  "fields": {
    "pc": null,
    "device_id": "USBSTOR\\DISK&VEN_&PROD_USB_FLASH_MEMORY&REV_PMAP\\B06EBF0AB430E37110005050&0",
    "device_name": "USB Flash Memory USB Device",
    "action": "attached",
    "metadata": {
      "action": "attached",
      "pc_name": "BRYAN",
      "device_id": "USBSTOR\\DISK&VEN_&PROD_USB_FLASH_MEMORY&REV_PMAP\\B06EBF0AB430E37110005050&0",
      "device_name": "USB Flash Memory USB Device"
    },
    "created_at": "2025-11-13T06:10:25.900Z"
  }
},
{
  "model": "main_app.peripheralevent",
  "pk": 58,
  "fields": {
    "pc": null,
    "device_id": "USB\\VID_0930&PID_6545\\B06EBF0AB430E37110005050",
    "device_name": "USB Mass Storage Device",
    "action": "attached",
    "metadata": {
      "action": "attached",
      "pc_name": "BRYAN",
      "device_id": "USB\\VID_0930&PID_6545\\B06EBF0AB430E37110005050",
      "device_name": "USB Mass Storage Device"
    },
    "created_at": "2025-11-13T06:10:26.139Z"
  }
},
{
  "model": "main_app.peripheralevent",
  "pk": 59,
  "fields": {
    "pc": null,
    "device_id": "USBSTOR\\DISK&VEN_&PROD_USB_FLASH_MEMORY&REV_PMAP\\B06EBF0AB430E37110005050&0",
    "device_name": "USB Flash Memory USB Device",
    "action": "removed",
    "metadata": {
      "action": "removed",
      "pc_name": "BRYAN",
      "device_id": "USBSTOR\\DISK&VEN_&PROD_USB_FLASH_MEMORY&REV_PMAP\\B06EBF0AB430E37110005050&0",
      "device_name": "USB Flash Memory USB Device"
    },
    "created_at": "2025-11-13T06:11:08.261Z"
  }
},
{
  "model": "main_app.peripheralevent",
  "pk": 60,
  "fields": {
    "pc": null,
    "device_id": "USB\\VID_0930&PID_6545\\B06EBF0AB430E37110005050",
    "device_name": "USB Mass Storage Device",
    "action": "removed",
    "metadata": {
      "action": "removed",
      "pc_name": "BRYAN",
      "device_id": "USB\\VID_0930&PID_6545\\B06EBF0AB430E37110005050",
      "device_name": "USB Mass Storage Device"
    },
    "created_at": "2025-11-13T06:11:08.288Z"
  }
},
{
  "model": "main_app.peripheralevent",
  "pk": 61,
  "fields": {
    "pc": 3,
    "device_id": "USB\\VID_0930&PID_6545\\B06EBF0AB430E37110005050",
    "device_name": "USB Mass Storage Device",
    "action": "attached",
    "metadata": {
      "action": "attached",
      "pc_name": "LAPTOP-2DDGTR7O",
      "device_id": "USB\\VID_0930&PID_6545\\B06EBF0AB430E37110005050",
      "device_name": "USB Mass Storage Device"
    },
    "created_at": "2025-11-13T06:11:15.026Z"
  }
},
{
  "model": "main_app.peripheralevent",
  "pk": 62,
  "fields": {
    "pc": 3,
    "device_id": "USBSTOR\\DISK&VEN_&PROD_USB_FLASH_MEMORY&REV_PMAP\\B06EBF0AB430E37110005050&0",
    "device_name": "USB Flash Memory USB Device",
    "action": "attached",
    "metadata": {
      "action": "attached",
      "pc_name": "LAPTOP-2DDGTR7O",
      "device_id": "USBSTOR\\DISK&VEN_&PROD_USB_FLASH_MEMORY&REV_PMAP\\B06EBF0AB430E37110005050&0",
      "device_name": "USB Flash Memory USB Device"
    },
    "created_at": "2025-11-13T06:11:15.256Z"
  }
},
{
  "model": "main_app.peripheralevent",
  "pk": 63,
  "fields": {
    "pc": 3,
    "device_id": "USB\\VID_0930&PID_6545\\B06EBF0AB430E37110005050",
    "device_name": "USB Mass Storage Device",
    "action": "removed",
    "metadata": {
      "action": "removed",
      "pc_name": "LAPTOP-2DDGTR7O",
      "device_id": "USB\\VID_0930&PID_6545\\B06EBF0AB430E37110005050",
      "device_name": "USB Mass Storage Device"
    },
    "created_at": "2025-11-13T06:12:37.831Z"
  }
},
{
  "model": "main_app.peripheralevent",
  "pk": 64,
  "fields": {
    "pc": 3,
    "device_id": "USBSTOR\\DISK&VEN_&PROD_USB_FLASH_MEMORY&REV_PMAP\\B06EBF0AB430E37110005050&0",
    "device_name": "USB Flash Memory USB Device",
    "action": "removed",
    "metadata": {
      "action": "removed",
      "pc_name": "LAPTOP-2DDGTR7O",
      "device_id": "USBSTOR\\DISK&VEN_&PROD_USB_FLASH_MEMORY&REV_PMAP\\B06EBF0AB430E37110005050&0",
      "device_name": "USB Flash Memory USB Device"
    },
    "created_at": "2025-11-13T06:12:37.947Z"
  }
},
{
  "model": "main_app.peripheralevent",
  "pk": 65,
  "fields": {
    "pc": null,
    "device_id": "USBSTOR\\DISK&VEN_&PROD_USB_FLASH_MEMORY&REV_PMAP\\B06EBF0AB430E37110005050&0",
    "device_name": "USB Flash Memory USB Device",
    "action": "attached",
    "metadata": {
      "action": "attached",
      "pc_name": "BRYAN",
      "device_id": "USBSTOR\\DISK&VEN_&PROD_USB_FLASH_MEMORY&REV_PMAP\\B06EBF0AB430E37110005050&0",
      "device_name": "USB Flash Memory USB Device"
    },
    "created_at": "2025-11-13T06:12:42.500Z"
  }
},
{
  "model": "main_app.peripheralevent",
  "pk": 66,
  "fields": {
    "pc": null,
    "device_id": "USB\\VID_0930&PID_6545\\B06EBF0AB430E37110005050",
    "device_name": "USB Mass Storage Device",
    "action": "attached",
    "metadata": {
      "action": "attached",
      "pc_name": "BRYAN",
      "device_id": "USB\\VID_0930&PID_6545\\B06EBF0AB430E37110005050",
      "device_name": "USB Mass Storage Device"
    },
    "created_at": "2025-11-13T06:12:42.519Z"
  }
},
{
  "model": "main_app.peripheralevent",
  "pk": 67,
  "fields": {
    "pc": null,
    "device_id": "USBSTOR\\DISK&VEN_&PROD_USB_FLASH_MEMORY&REV_PMAP\\B06EBF0AB430E37110005050&0",
    "device_name": "USB Flash Memory USB Device",
    "action": "removed",
    "metadata": {
      "action": "removed",
      "pc_name": "BRYAN",
      "device_id": "USBSTOR\\DISK&VEN_&PROD_USB_FLASH_MEMORY&REV_PMAP\\B06EBF0AB430E37110005050&0",
      "device_name": "USB Flash Memory USB Device"
    },
    "created_at": "2025-11-13T06:13:12.308Z"
  }
},
{
  "model": "main_app.peripheralevent",
  "pk": 68,
  "fields": {
    "pc": null,
    "device_id": "USB\\VID_0930&PID_6545\\B06EBF0AB430E37110005050",
    "device_name": "USB Mass Storage Device",
    "action": "removed",
    "metadata": {
      "action": "removed",
      "pc_name": "BRYAN",
      "device_id": "USB\\VID_0930&PID_6545\\B06EBF0AB430E37110005050",
      "device_name": "USB Mass Storage Device"
    },
    "created_at": "2025-11-13T06:13:12.326Z"
  }
},
{
  "model": "main_app.peripheralevent",
  "pk": 69,
  "fields": {
    "pc": 3,
    "device_id": "USB\\VID_0930&PID_6545\\B06EBF0AB430E37110005050",
    "device_name": "USB Mass Storage Device",
    "action": "attached",
    "metadata": {
      "action": "attached",
      "pc_name": "LAPTOP-2DDGTR7O",
      "device_id": "USB\\VID_0930&PID_6545\\B06EBF0AB430E37110005050",
      "device_name": "USB Mass Storage Device"
    },
    "created_at": "2025-11-13T06:13:15.250Z"
  }
},
{
  "model": "main_app.peripheralevent",
  "pk": 70,
  "fields": {
    "pc": 3,
    "device_id": "USBSTOR\\DISK&VEN_&PROD_USB_FLASH_MEMORY&REV_PMAP\\B06EBF0AB430E37110005050&0",
    "device_name": "USB Flash Memory USB Device",
    "action": "attached",
    "metadata": {
      "action": "attached",
      "pc_name": "LAPTOP-2DDGTR7O",
      "device_id": "USBSTOR\\DISK&VEN_&PROD_USB_FLASH_MEMORY&REV_PMAP\\B06EBF0AB430E37110005050&0",
      "device_name": "USB Flash Memory USB Device"
    },
    "created_at": "2025-11-13T06:13:15.375Z"
  }
},
{
  "model": "main_app.peripheralevent",
  "pk": 71,
  "fields": {
    "pc": null,
    "device_id": "USB\\VID_0930&PID_6545\\B06EBF0AB430E37110005050",
    "device_name": "USB Mass Storage Device",
    "action": "attached",
    "metadata": {
      "action": "attached",
      "pc_name": "MARK",
      "device_id": "USB\\VID_0930&PID_6545\\B06EBF0AB430E37110005050",
      "device_name": "USB Mass Storage Device"
    },
    "created_at": "2025-11-13T06:49:46.635Z"
  }
},
{
  "model": "main_app.peripheralevent",
  "pk": 72,
  "fields": {
    "pc": null,
    "device_id": "USBSTOR\\DISK&VEN_&PROD_USB_FLASH_MEMORY&REV_PMAP\\B06EBF0AB430E37110005050&0",
    "device_name": "USB Flash Memory USB Device",
    "action": "attached",
    "metadata": {
      "action": "attached",
      "pc_name": "MARK",
      "device_id": "USBSTOR\\DISK&VEN_&PROD_USB_FLASH_MEMORY&REV_PMAP\\B06EBF0AB430E37110005050&0",
      "device_name": "USB Flash Memory USB Device"
    },
    "created_at": "2025-11-13T06:49:46.782Z"
  }
},
{
  "model": "main_app.peripheralevent",
  "pk": 73,
  "fields": {
    "pc": null,
    "device_id": "USB\\VID_0930&PID_6545\\B06EBF0AB430E37110005050",
    "device_name": "USB Mass Storage Device",
    "action": "removed",
    "metadata": {
      "action": "removed",
      "pc_name": "MARK",
      "device_id": "USB\\VID_0930&PID_6545\\B06EBF0AB430E37110005050",
      "device_name": "USB Mass Storage Device"
    },
    "created_at": "2025-11-13T06:55:45.502Z"
  }
},
{
  "model": "main_app.peripheralevent",
  "pk": 74,
  "fields": {
    "pc": null,
    "device_id": "USBSTOR\\DISK&VEN_&PROD_USB_FLASH_MEMORY&REV_PMAP\\B06EBF0AB430E37110005050&0",
    "device_name": "USB Flash Memory USB Device",
    "action": "removed",
    "metadata": {
      "action": "removed",
      "pc_name": "MARK",
      "device_id": "USBSTOR\\DISK&VEN_&PROD_USB_FLASH_MEMORY&REV_PMAP\\B06EBF0AB430E37110005050&0",
      "device_name": "USB Flash Memory USB Device"
    },
    "created_at": "2025-11-13T06:55:45.805Z"
  }
},
{
  "model": "main_app.peripheralevent",
  "pk": 75,
  "fields": {
    "pc": null,
    "device_id": "USBSTOR\\DISK&VEN_&PROD_USB_FLASH_MEMORY&REV_PMAP\\B06EBF0AB430E37110005050&0",
    "device_name": "USB Flash Memory USB Device",
    "action": "attached",
    "metadata": {
      "action": "attached",
      "pc_name": "BRYAN",
      "device_id": "USBSTOR\\DISK&VEN_&PROD_USB_FLASH_MEMORY&REV_PMAP\\B06EBF0AB430E37110005050&0",
      "device_name": "USB Flash Memory USB Device"
    },
    "created_at": "2025-11-13T06:55:56.115Z"
  }
},
{
  "model": "main_app.peripheralevent",
  "pk": 76,
  "fields": {
    "pc": null,
    "device_id": "USB\\VID_0930&PID_6545\\B06EBF0AB430E37110005050",
    "device_name": "USB Mass Storage Device",
    "action": "attached",
    "metadata": {
      "action": "attached",
      "pc_name": "BRYAN",
      "device_id": "USB\\VID_0930&PID_6545\\B06EBF0AB430E37110005050",
      "device_name": "USB Mass Storage Device"
    },
    "created_at": "2025-11-13T06:55:56.164Z"
  }
},
{
  "model": "main_app.peripheralevent",
  "pk": 77,
  "fields": {
    "pc": null,
    "device_id": "USBSTOR\\DISK&VEN_&PROD_USB_FLASH_MEMORY&REV_PMAP\\B06EBF0AB430E37110005050&0",
    "device_name": "USB Flash Memory USB Device",
    "action": "removed",
    "metadata": {
      "action": "removed",
      "pc_name": "BRYAN",
      "device_id": "USBSTOR\\DISK&VEN_&PROD_USB_FLASH_MEMORY&REV_PMAP\\B06EBF0AB430E37110005050&0",
      "device_name": "USB Flash Memory USB Device"
    },
    "created_at": "2025-11-13T06:56:10.750Z"
  }
},
{
  "model": "main_app.peripheralevent",
  "pk": 78,
  "fields": {
    "pc": null,
    "device_id": "USB\\VID_0930&PID_6545\\B06EBF0AB430E37110005050",
    "device_name": "USB Mass Storage Device",
    "action": "removed",
    "metadata": {
      "action": "removed",
      "pc_name": "BRYAN",
      "device_id": "USB\\VID_0930&PID_6545\\B06EBF0AB430E37110005050",
      "device_name": "USB Mass Storage Device"
    },
    "created_at": "2025-11-13T06:56:10.773Z"
  }
},
{
  "model": "main_app.peripheralevent",
  "pk": 79,
  "fields": {
    "pc": null,
    "device_id": "USB\\VID_0930&PID_6545\\B06EBF0AB430E37110005050",
    "device_name": "USB Mass Storage Device",
    "action": "attached",
    "metadata": {
      "action": "attached",
      "pc_name": "MARK",
      "device_id": "USB\\VID_0930&PID_6545\\B06EBF0AB430E37110005050",
      "device_name": "USB Mass Storage Device"
    },
    "created_at": "2025-11-13T06:56:43.453Z"
  }
},
{
  "model": "main_app.peripheralevent",
  "pk": 80,
  "fields": {
    "pc": null,
    "device_id": "USBSTOR\\DISK&VEN_&PROD_USB_FLASH_MEMORY&REV_PMAP\\B06EBF0AB430E37110005050&0",
    "device_name": "USB Flash Memory USB Device",
    "action": "attached",
    "metadata": {
      "action": "attached",
      "pc_name": "MARK",
      "device_id": "USBSTOR\\DISK&VEN_&PROD_USB_FLASH_MEMORY&REV_PMAP\\B06EBF0AB430E37110005050&0",
      "device_name": "USB Flash Memory USB Device"
    },
    "created_at": "2025-11-13T06:56:43.645Z"
  }
},
{
  "model": "main_app.peripheralevent",
  "pk": 81,
  "fields": {
    "pc": 3,
    "device_id": "USB\\VID_0930&PID_6545\\B06EBF0AB430E37110005050",
    "device_name": "USB Mass Storage Device",
    "action": "removed",
    "metadata": {
      "action": "removed",
      "pc_name": "MARK",
      "device_id": "USB\\VID_0930&PID_6545\\B06EBF0AB430E37110005050",
      "device_name": "USB Mass Storage Device"
    },
    "created_at": "2025-11-13T07:39:36.062Z"
  }
},
{
  "model": "main_app.peripheralevent",
  "pk": 82,
  "fields": {
    "pc": 3,
    "device_id": "USBSTOR\\DISK&VEN_&PROD_USB_FLASH_MEMORY&REV_PMAP\\B06EBF0AB430E37110005050&0",
    "device_name": "USB Flash Memory USB Device",
    "action": "removed",
    "metadata": {
      "action": "removed",
      "pc_name": "MARK",
      "device_id": "USBSTOR\\DISK&VEN_&PROD_USB_FLASH_MEMORY&REV_PMAP\\B06EBF0AB430E37110005050&0",
      "device_name": "USB Flash Memory USB Device"
    },
    "created_at": "2025-11-13T07:39:36.243Z"
  }
},
{
  "model": "main_app.peripheralevent",
  "pk": 83,
  "fields": {
    "pc": 3,
    "device_id": "USB\\VID_0930&PID_6545\\B06EBF0AB430E37110005050",
    "device_name": "USB Mass Storage Device",
    "action": "attached",
    "metadata": {
      "action": "attached",
      "pc_name": "MARK",
      "device_id": "USB\\VID_0930&PID_6545\\B06EBF0AB430E37110005050",
      "device_name": "USB Mass Storage Device"
    },
    "created_at": "2025-11-13T07:39:57.839Z"
  }
},
{
  "model": "main_app.peripheralevent",
  "pk": 84,
  "fields": {
    "pc": 3,
    "device_id": "USBSTOR\\DISK&VEN_&PROD_USB_FLASH_MEMORY&REV_PMAP\\B06EBF0AB430E37110005050&0",
    "device_name": "USB Flash Memory USB Device",
    "action": "attached",
    "metadata": {
      "action": "attached",
      "pc_name": "MARK",
      "device_id": "USBSTOR\\DISK&VEN_&PROD_USB_FLASH_MEMORY&REV_PMAP\\B06EBF0AB430E37110005050&0",
      "device_name": "USB Flash Memory USB Device"
    },
    "created_at": "2025-11-13T07:39:57.970Z"
  }
},
{
  "model": "main_app.chatroom",
  "pk": 2,
  "fields": {
    "initiator": [
      "admin"
    ],
    "receiver": [
      "202220622@psu.palawan.edu.ph"
    ]
  }
},
{
  "model": "main_app.chatroom",
  "pk": 8,
  "fields": {
    "initiator": [
      "202280348@psu.palawan.edu.ph"
    ],
    "receiver": [
      "admin"
    ]
  }
},
{
  "model": "main_app.chatroom",
  "pk": 10,
  "fields": {
    "initiator": [
      "202280102@psu.palawan.edu.ph"
    ],
    "receiver": [
      "admin"
    ]
  }
},
{
  "model": "main_app.chatroom",
  "pk": 11,
  "fields": {
    "initiator": [
      "202280128@psu.palawan.edu.ph"
    ],
    "receiver": [
      "admin"
    ]
  }
},
{
  "model": "main_app.chatroom",
  "pk": 12,
  "fields": {
    "initiator": [
      "202520620@psu.palawan.edu.ph"
    ],
    "receiver": [
      "admin"
    ]
  }
},
{
  "model": "main_app.chatroom",
  "pk": 13,
  "fields": {
    "initiator": [
      "202280127@psu.palawan.edu.ph"
    ],
    "receiver": [
      "admin"
    ]
  }
},
{
  "model": "main_app.chat",
  "pk": 16,
  "fields": {
    "chatroom": 2,
    "sender": [
      "admin"
    ],
    "recipient": [
      "202220622@psu.palawan.edu.ph"
    ],
    "message": "hey",
    "status": "read",
    "timestamp": "2025-11-05T17:40:00.932Z"
  }
},
{
  "model": "main_app.chat",
  "pk": 17,
  "fields": {
    "chatroom": 2,
    "sender": [
      "202220622@psu.palawan.edu.ph"
    ],
    "recipient": [
      "admin"
    ],
    "message": "hii",
    "status": "read",
    "timestamp": "2025-11-05T17:41:20.478Z"
  }
},
{
  "model": "main_app.chat",
  "pk": 18,
  "fields": {
    "chatroom": 2,
    "sender": [
      "202220622@psu.palawan.edu.ph"
    ],
    "recipient": [
      "admin"
    ],
    "message": "nice",
    "status": "read",
    "timestamp": "2025-11-05T17:43:09.713Z"
  }
},
{
  "model": "main_app.chat",
  "pk": 19,
  "fields": {
    "chatroom": 2,
    "sender": [
      "admin"
    ],
    "recipient": [
      "202220622@psu.palawan.edu.ph"
    ],
    "message": "okay",
    "status": "read",
    "timestamp": "2025-11-05T17:43:17.005Z"
  }
},
{
  "model": "main_app.chat",
  "pk": 31,
  "fields": {
    "chatroom": 8,
    "sender": [
      "202280348@psu.palawan.edu.ph"
    ],
    "recipient": [
      "admin"
    ],
    "message": "hiiii",
    "status": "read",
    "timestamp": "2025-11-07T14:34:57.455Z"
  }
},
{
  "model": "main_app.chat",
  "pk": 32,
  "fields": {
    "chatroom": 8,
    "sender": [
      "admin"
    ],
    "recipient": [
      "202280348@psu.palawan.edu.ph"
    ],
    "message": "kiss",
    "status": "read",
    "timestamp": "2025-11-07T14:35:20.294Z"
  }
},
{
  "model": "main_app.chat",
  "pk": 34,
  "fields": {
    "chatroom": 2,
    "sender": [
      "admin"
    ],
    "recipient": [
      "202220622@psu.palawan.edu.ph"
    ],
    "message": "hello",
    "status": "read",
    "timestamp": "2025-11-09T17:36:49.488Z"
  }
},
{
  "model": "main_app.chat",
  "pk": 37,
  "fields": {
    "chatroom": 10,
    "sender": [
      "202280102@psu.palawan.edu.ph"
    ],
    "recipient": [
      "admin"
    ],
    "message": "helllo",
    "status": "read",
    "timestamp": "2025-11-09T18:36:46.951Z"
  }
},
{
  "model": "main_app.chat",
  "pk": 38,
  "fields": {
    "chatroom": 10,
    "sender": [
      "admin"
    ],
    "recipient": [
      "202280102@psu.palawan.edu.ph"
    ],
    "message": "hello",
    "status": "read",
    "timestamp": "2025-11-09T18:38:51.727Z"
  }
},
{
  "model": "main_app.chat",
  "pk": 39,
  "fields": {
    "chatroom": 10,
    "sender": [
      "202280102@psu.palawan.edu.ph"
    ],
    "recipient": [
      "admin"
    ],
    "message": "sample",
    "status": "read",
    "timestamp": "2025-11-09T18:39:49.062Z"
  }
},
{
  "model": "main_app.chat",
  "pk": 40,
  "fields": {
    "chatroom": 10,
    "sender": [
      "admin"
    ],
    "recipient": [
      "202280102@psu.palawan.edu.ph"
    ],
    "message": "yes",
    "status": "read",
    "timestamp": "2025-11-09T18:39:52.820Z"
  }
},
{
  "model": "main_app.chat",
  "pk": 41,
  "fields": {
    "chatroom": 10,
    "sender": [
      "202280102@psu.palawan.edu.ph"
    ],
    "recipient": [
      "admin"
    ],
    "message": "time",
    "status": "read",
    "timestamp": "2025-11-09T18:40:05.405Z"
  }
},
{
  "model": "main_app.chat",
  "pk": 42,
  "fields": {
    "chatroom": 10,
    "sender": [
      "202280102@psu.palawan.edu.ph"
    ],
    "recipient": [
      "admin"
    ],
    "message": "haha",
    "status": "read",
    "timestamp": "2025-11-09T18:40:37.586Z"
  }
},
{
  "model": "main_app.chat",
  "pk": 43,
  "fields": {
    "chatroom": 10,
    "sender": [
      "admin"
    ],
    "recipient": [
      "202280102@psu.palawan.edu.ph"
    ],
    "message": "lows",
    "status": "read",
    "timestamp": "2025-11-09T18:40:43.153Z"
  }
},
{
  "model": "main_app.chat",
  "pk": 44,
  "fields": {
    "chatroom": 10,
    "sender": [
      "202280102@psu.palawan.edu.ph"
    ],
    "recipient": [
      "admin"
    ],
    "message": "ahha",
    "status": "read",
    "timestamp": "2025-11-09T18:40:46.527Z"
  }
},
{
  "model": "main_app.chat",
  "pk": 45,
  "fields": {
    "chatroom": 10,
    "sender": [
      "admin"
    ],
    "recipient": [
      "202280102@psu.palawan.edu.ph"
    ],
    "message": "1",
    "status": "read",
    "timestamp": "2025-11-09T18:40:51.960Z"
  }
},
{
  "model": "main_app.chat",
  "pk": 46,
  "fields": {
    "chatroom": 10,
    "sender": [
      "202280102@psu.palawan.edu.ph"
    ],
    "recipient": [
      "admin"
    ],
    "message": "2",
    "status": "read",
    "timestamp": "2025-11-09T18:40:57.940Z"
  }
},
{
  "model": "main_app.chat",
  "pk": 47,
  "fields": {
    "chatroom": 10,
    "sender": [
      "admin"
    ],
    "recipient": [
      "202280102@psu.palawan.edu.ph"
    ],
    "message": "1",
    "status": "read",
    "timestamp": "2025-11-09T18:41:02.453Z"
  }
},
{
  "model": "main_app.chat",
  "pk": 48,
  "fields": {
    "chatroom": 10,
    "sender": [
      "admin"
    ],
    "recipient": [
      "202280102@psu.palawan.edu.ph"
    ],
    "message": "hello po",
    "status": "read",
    "timestamp": "2025-11-09T18:44:00.390Z"
  }
},
{
  "model": "main_app.chat",
  "pk": 49,
  "fields": {
    "chatroom": 10,
    "sender": [
      "202280102@psu.palawan.edu.ph"
    ],
    "recipient": [
      "admin"
    ],
    "message": "hi",
    "status": "read",
    "timestamp": "2025-11-09T18:44:05.138Z"
  }
},
{
  "model": "main_app.chat",
  "pk": 50,
  "fields": {
    "chatroom": 10,
    "sender": [
      "202280102@psu.palawan.edu.ph"
    ],
    "recipient": [
      "admin"
    ],
    "message": "hello po",
    "status": "read",
    "timestamp": "2025-11-09T18:50:50.892Z"
  }
},
{
  "model": "main_app.chat",
  "pk": 51,
  "fields": {
    "chatroom": 10,
    "sender": [
      "admin"
    ],
    "recipient": [
      "202280102@psu.palawan.edu.ph"
    ],
    "message": "hellooo",
    "status": "read",
    "timestamp": "2025-11-09T18:50:55.535Z"
  }
},
{
  "model": "main_app.chat",
  "pk": 52,
  "fields": {
    "chatroom": 10,
    "sender": [
      "admin"
    ],
    "recipient": [
      "202280102@psu.palawan.edu.ph"
    ],
    "message": "hiii",
    "status": "read",
    "timestamp": "2025-11-09T18:55:18.537Z"
  }
},
{
  "model": "main_app.chat",
  "pk": 53,
  "fields": {
    "chatroom": 10,
    "sender": [
      "202280102@psu.palawan.edu.ph"
    ],
    "recipient": [
      "admin"
    ],
    "message": "okks",
    "status": "read",
    "timestamp": "2025-11-09T18:55:20.529Z"
  }
},
{
  "model": "main_app.chat",
  "pk": 54,
  "fields": {
    "chatroom": 10,
    "sender": [
      "202280102@psu.palawan.edu.ph"
    ],
    "recipient": [
      "admin"
    ],
    "message": "hello",
    "status": "read",
    "timestamp": "2025-11-09T19:08:47.887Z"
  }
},
{
  "model": "main_app.chat",
  "pk": 55,
  "fields": {
    "chatroom": 11,
    "sender": [
      "202280128@psu.palawan.edu.ph"
    ],
    "recipient": [
      "admin"
    ],
    "message": "ahaha",
    "status": "read",
    "timestamp": "2025-11-09T21:08:08.267Z"
  }
},
{
  "model": "main_app.chat",
  "pk": 56,
  "fields": {
    "chatroom": 11,
    "sender": [
      "admin"
    ],
    "recipient": [
      "202280128@psu.palawan.edu.ph"
    ],
    "message": "bakit",
    "status": "read",
    "timestamp": "2025-11-09T21:08:22.677Z"
  }
},
{
  "model": "main_app.chat",
  "pk": 57,
  "fields": {
    "chatroom": 10,
    "sender": [
      "202280102@psu.palawan.edu.ph"
    ],
    "recipient": [
      "admin"
    ],
    "message": "hi",
    "status": "read",
    "timestamp": "2025-11-11T17:16:43.220Z"
  }
},
{
  "model": "main_app.chat",
  "pk": 58,
  "fields": {
    "chatroom": 10,
    "sender": [
      "202280102@psu.palawan.edu.ph"
    ],
    "recipient": [
      "admin"
    ],
    "message": "hii",
    "status": "read",
    "timestamp": "2025-11-11T17:16:48.535Z"
  }
},
{
  "model": "main_app.chat",
  "pk": 59,
  "fields": {
    "chatroom": 10,
    "sender": [
      "202280102@psu.palawan.edu.ph"
    ],
    "recipient": [
      "admin"
    ],
    "message": "hello",
    "status": "read",
    "timestamp": "2025-11-11T17:17:03.175Z"
  }
},
{
  "model": "main_app.chat",
  "pk": 60,
  "fields": {
    "chatroom": 10,
    "sender": [
      "202280102@psu.palawan.edu.ph"
    ],
    "recipient": [
      "admin"
    ],
    "message": "hi",
    "status": "read",
    "timestamp": "2025-11-11T17:17:30.815Z"
  }
},
{
  "model": "main_app.chat",
  "pk": 61,
  "fields": {
    "chatroom": 10,
    "sender": [
      "202280102@psu.palawan.edu.ph"
    ],
    "recipient": [
      "admin"
    ],
    "message": "jh",
    "status": "read",
    "timestamp": "2025-11-11T17:37:51.752Z"
  }
},
{
  "model": "main_app.chat",
  "pk": 62,
  "fields": {
    "chatroom": 10,
    "sender": [
      "202280102@psu.palawan.edu.ph"
    ],
    "recipient": [
      "admin"
    ],
    "message": "Hi",
    "status": "read",
    "timestamp": "2025-11-11T18:05:03.448Z"
  }
},
{
  "model": "main_app.chat",
  "pk": 63,
  "fields": {
    "chatroom": 2,
    "sender": [
      "admin"
    ],
    "recipient": [
      "202220622@psu.palawan.edu.ph"
    ],
    "message": "hi",
    "status": "read",
    "timestamp": "2025-11-12T06:36:02.779Z"
  }
},
{
  "model": "main_app.chat",
  "pk": 64,
  "fields": {
    "chatroom": 10,
    "sender": [
      "admin"
    ],
    "recipient": [
      "202280102@psu.palawan.edu.ph"
    ],
    "message": "testing",
    "status": "read",
    "timestamp": "2025-11-12T06:55:36.294Z"
  }
},
{
  "model": "main_app.chat",
  "pk": 65,
  "fields": {
    "chatroom": 12,
    "sender": [
      "202520620@psu.palawan.edu.ph"
    ],
    "recipient": [
      "admin"
    ],
    "message": "Testing",
    "status": "read",
    "timestamp": "2025-11-12T07:26:45.849Z"
  }
},
{
  "model": "main_app.chat",
  "pk": 66,
  "fields": {
    "chatroom": 13,
    "sender": [
      "202280127@psu.palawan.edu.ph"
    ],
    "recipient": [
      "admin"
    ],
    "message": "Hii",
    "status": "read",
    "timestamp": "2025-11-13T08:00:25.159Z"
  }
},
{
  "model": "main_app.chat",
  "pk": 67,
  "fields": {
    "chatroom": 13,
    "sender": [
      "admin"
    ],
    "recipient": [
      "202280127@psu.palawan.edu.ph"
    ],
    "message": "low",
    "status": "read",
    "timestamp": "2025-11-13T08:04:06.232Z"
  }
},
{
  "model": "main_app.chat",
  "pk": 68,
  "fields": {
    "chatroom": 13,
    "sender": [
      "202280127@psu.palawan.edu.ph"
    ],
    "recipient": [
      "admin"
    ],
    "message": "Jii",
    "status": "sent",
    "timestamp": "2025-11-13T08:04:17.311Z"
  }
},
{
  "model": "main_app.chat",
  "pk": 69,
  "fields": {
    "chatroom": 12,
    "sender": [
      "admin"
    ],
    "recipient": [
      "202520620@psu.palawan.edu.ph"
    ],
    "message": "test",
    "status": "sent",
    "timestamp": "2025-11-14T01:29:21.056Z"
  }
},
{
  "model": "main_app.chat",
  "pk": 70,
  "fields": {
    "chatroom": 10,
    "sender": [
      "admin"
    ],
    "recipient": [
      "202280102@psu.palawan.edu.ph"
    ],
    "message": "test",
    "status": "read",
    "timestamp": "2025-11-14T01:29:41.886Z"
  }
},
{
  "model": "account.emailaddress",
  "pk": 10,
  "fields": {
    "user": [
      "202220622@psu.palawan.edu.ph"
    ],
    "email": "202220622@psu.palawan.edu.ph",
    "verified": true,
    "primary": true
  }
},
{
  "model": "account.emailaddress",
  "pk": 11,
  "fields": {
    "user": [
      "202280287@psu.palawan.edu.ph"
    ],
    "email": "202280287@psu.palawan.edu.ph",
    "verified": true,
    "primary": true
  }
},
{
  "model": "socialaccount.socialaccount",
  "pk": 11,
  "fields": {
    "user": [
      "202220622@psu.palawan.edu.ph"
    ],
    "provider": "google",
    "uid": "110270686060231533360",
    "last_login": "2025-11-05T11:13:05.367Z",
    "date_joined": "2025-11-05T11:08:52.959Z",
    "extra_data": {
      "hd": "psu.palawan.edu.ph",
      "aud": "451309332229-o64l4hlc4vjr4o7ov39upochhdnlv6es.apps.googleusercontent.com",
      "azp": "451309332229-o64l4hlc4vjr4o7ov39upochhdnlv6es.apps.googleusercontent.com",
      "exp": 1762344785,
      "iat": 1762341185,
      "iss": "https://accounts.google.com",
      "sub": "110270686060231533360",
      "name": "Gabuco Ceian Hazel",
      "email": "202220622@psu.palawan.edu.ph",
      "at_hash": "j_Hno95_YBg_FXnCYb-Ozw",
      "picture": "https://lh3.googleusercontent.com/a/ACg8ocJjboE8HFDA0GNnWNLE_PXg5qcF8X_7oGBcVRs5V4DHLWdMhj_y=s96-c",
      "given_name": "Gabuco",
      "family_name": "Ceian Hazel",
      "email_verified": true
    }
  }
},
{
  "model": "socialaccount.socialaccount",
  "pk": 12,
  "fields": {
    "user": [
      "202280287@psu.palawan.edu.ph"
    ],
    "provider": "google",
    "uid": "114615658254799786074",
    "last_login": "2025-11-14T20:44:05.288Z",
    "date_joined": "2025-11-14T20:44:05.288Z",
    "extra_data": {
      "hd": "psu.palawan.edu.ph",
      "aud": "451309332229-o64l4hlc4vjr4o7ov39upochhdnlv6es.apps.googleusercontent.com",
      "azp": "451309332229-o64l4hlc4vjr4o7ov39upochhdnlv6es.apps.googleusercontent.com",
      "exp": 1763156646,
      "iat": 1763153046,
      "iss": "https://accounts.google.com",
      "sub": "114615658254799786074",
      "name": "BRYAN ETOQUILLA",
      "email": "202280287@psu.palawan.edu.ph",
      "at_hash": "OmM9Bj8Q2-4acW3B94CD3Q",
      "picture": "https://lh3.googleusercontent.com/a/ACg8ocIc4kTuPgYE0LV0JGeNnX5COQTcMmbNgRw7JyUvVXhjvp-OcNed=s96-c",
      "given_name": "BRYAN",
      "family_name": "ETOQUILLA",
      "email_verified": true
    }
  }
},
{
  "model": "admin.logentry",
  "pk": 1,
  "fields": {
    "action_time": "2025-11-05T06:17:49.491Z",
    "user": [
      "admin"
    ],
    "content_type": [
      "main_app",
      "college"
    ],
    "object_id": "1",
    "object_repr": "College of Sciences",
    "action_flag": 1,
    "change_message": "[{\"added\": {}}]"
  }
},
{
  "model": "admin.logentry",
  "pk": 2,
  "fields": {
    "action_time": "2025-11-05T06:17:59.436Z",
    "user": [
      "admin"
    ],
    "content_type": [
      "main_app",
      "college"
    ],
    "object_id": "2",
    "object_repr": "College of Hospitality and Tourism Management",
    "action_flag": 1,
    "change_message": "[{\"added\": {}}]"
  }
},
{
  "model": "admin.logentry",
  "pk": 3,
  "fields": {
    "action_time": "2025-11-05T06:18:10.671Z",
    "user": [
      "admin"
    ],
    "content_type": [
      "main_app",
      "college"
    ],
    "object_id": "3",
    "object_repr": "College of Nursing",
    "action_flag": 1,
    "change_message": "[{\"added\": {}}]"
  }
},
{
  "model": "admin.logentry",
  "pk": 4,
  "fields": {
    "action_time": "2025-11-05T06:18:19.231Z",
    "user": [
      "admin"
    ],
    "content_type": [
      "main_app",
      "college"
    ],
    "object_id": "4",
    "object_repr": "College of Arts and Humanities",
    "action_flag": 1,
    "change_message": "[{\"added\": {}}]"
  }
},
{
  "model": "admin.logentry",
  "pk": 5,
  "fields": {
    "action_time": "2025-11-05T06:18:27.270Z",
    "user": [
      "admin"
    ],
    "content_type": [
      "main_app",
      "college"
    ],
    "object_id": "5",
    "object_repr": "College of Education",
    "action_flag": 1,
    "change_message": "[{\"added\": {}}]"
  }
},
{
  "model": "admin.logentry",
  "pk": 6,
  "fields": {
    "action_time": "2025-11-05T06:18:50.199Z",
    "user": [
      "admin"
    ],
    "content_type": [
      "main_app",
      "college"
    ],
    "object_id": "5",
    "object_repr": "College of Criminal Justice Education",
    "action_flag": 2,
    "change_message": "[{\"changed\": {\"fields\": [\"Name\"]}}]"
  }
},
{
  "model": "admin.logentry",
  "pk": 7,
  "fields": {
    "action_time": "2025-11-05T06:19:03.134Z",
    "user": [
      "admin"
    ],
    "content_type": [
      "main_app",
      "college"
    ],
    "object_id": "5",
    "object_repr": "College of Business Administration",
    "action_flag": 2,
    "change_message": "[{\"changed\": {\"fields\": [\"Name\"]}}]"
  }
},
{
  "model": "admin.logentry",
  "pk": 8,
  "fields": {
    "action_time": "2025-11-05T06:46:04.434Z",
    "user": [
      "admin"
    ],
    "content_type": [
      "auth",
      "user"
    ],
    "object_id": "1",
    "object_repr": "admin",
    "action_flag": 2,
    "change_message": "[{\"changed\": {\"fields\": [\"User permissions\"]}}]"
  }
},
{
  "model": "admin.logentry",
  "pk": 9,
  "fields": {
    "action_time": "2025-11-05T08:53:24.167Z",
    "user": [
      "admin"
    ],
    "content_type": [
      "auth",
      "user"
    ],
    "object_id": "2",
    "object_repr": "202280287@psu.palawan.edu.ph",
    "action_flag": 3,
    "change_message": ""
  }
},
{
  "model": "admin.logentry",
  "pk": 10,
  "fields": {
    "action_time": "2025-11-05T09:06:47.959Z",
    "user": [
      "admin"
    ],
    "content_type": [
      "auth",
      "user"
    ],
    "object_id": "3",
    "object_repr": "202280287@psu.palawan.edu.ph",
    "action_flag": 3,
    "change_message": ""
  }
},
{
  "model": "admin.logentry",
  "pk": 11,
  "fields": {
    "action_time": "2025-11-05T09:09:27.404Z",
    "user": [
      "admin"
    ],
    "content_type": [
      "auth",
      "user"
    ],
    "object_id": "4",
    "object_repr": "202280287@psu.palawan.edu.ph",
    "action_flag": 3,
    "change_message": ""
  }
},
{
  "model": "admin.logentry",
  "pk": 12,
  "fields": {
    "action_time": "2025-11-05T09:12:00.881Z",
    "user": [
      "admin"
    ],
    "content_type": [
      "auth",
      "user"
    ],
    "object_id": "5",
    "object_repr": "202280287@psu.palawan.edu.ph",
    "action_flag": 3,
    "change_message": ""
  }
},
{
  "model": "admin.logentry",
  "pk": 13,
  "fields": {
    "action_time": "2025-11-05T09:16:47.083Z",
    "user": [
      "admin"
    ],
    "content_type": [
      "auth",
      "user"
    ],
    "object_id": "6",
    "object_repr": "202280287@psu.palawan.edu.ph",
    "action_flag": 3,
    "change_message": ""
  }
},
{
  "model": "admin.logentry",
  "pk": 14,
  "fields": {
    "action_time": "2025-11-05T09:21:37.369Z",
    "user": [
      "admin"
    ],
    "content_type": [
      "auth",
      "user"
    ],
    "object_id": "7",
    "object_repr": "202280287@psu.palawan.edu.ph",
    "action_flag": 3,
    "change_message": ""
  }
},
{
  "model": "admin.logentry",
  "pk": 15,
  "fields": {
    "action_time": "2025-11-05T09:24:06.098Z",
    "user": [
      "admin"
    ],
    "content_type": [
      "auth",
      "user"
    ],
    "object_id": "8",
    "object_repr": "202280287@psu.palawan.edu.ph",
    "action_flag": 3,
    "change_message": ""
  }
},
{
  "model": "admin.logentry",
  "pk": 16,
  "fields": {
    "action_time": "2025-11-05T10:36:47.991Z",
    "user": [
      "admin"
    ],
    "content_type": [
      "auth",
      "user"
    ],
    "object_id": "9",
    "object_repr": "202280287@psu.palawan.edu.ph",
    "action_flag": 3,
    "change_message": ""
  }
},
{
  "model": "admin.logentry",
  "pk": 17,
  "fields": {
    "action_time": "2025-11-05T10:53:30.408Z",
    "user": [
      "admin"
    ],
    "content_type": [
      "auth",
      "user"
    ],
    "object_id": "10",
    "object_repr": "202280287@psu.palawan.edu.ph",
    "action_flag": 3,
    "change_message": ""
  }
},
{
  "model": "admin.logentry",
  "pk": 18,
  "fields": {
    "action_time": "2025-11-05T13:51:04.649Z",
    "user": [
      "admin"
    ],
    "content_type": [
      "auth",
      "user"
    ],
    "object_id": "11",
    "object_repr": "202280287@psu.palawan.edu.ph",
    "action_flag": 3,
    "change_message": ""
  }
},
{
  "model": "admin.logentry",
  "pk": 19,
  "fields": {
    "action_time": "2025-11-05T13:56:36.374Z",
    "user": [
      "admin"
    ],
    "content_type": [
      "auth",
      "user"
    ],
    "object_id": "13",
    "object_repr": "202280287@psu.palawan.edu.ph",
    "action_flag": 3,
    "change_message": ""
  }
},
{
  "model": "admin.logentry",
  "pk": 20,
  "fields": {
    "action_time": "2025-11-05T13:58:35.838Z",
    "user": [
      "admin"
    ],
    "content_type": [
      "auth",
      "user"
    ],
    "object_id": "14",
    "object_repr": "202280287@psu.palawan.edu.ph",
    "action_flag": 3,
    "change_message": ""
  }
},
{
  "model": "admin.logentry",
  "pk": 21,
  "fields": {
    "action_time": "2025-11-05T18:02:11.090Z",
    "user": [
      "admin"
    ],
    "content_type": [
      "auth",
      "user"
    ],
    "object_id": "15",
    "object_repr": "202280287@psu.palawan.edu.ph",
    "action_flag": 3,
    "change_message": ""
  }
},
{
  "model": "admin.logentry",
  "pk": 22,
  "fields": {
    "action_time": "2025-11-05T18:06:05.750Z",
    "user": [
      "admin"
    ],
    "content_type": [
      "auth",
      "user"
    ],
    "object_id": "16",
    "object_repr": "202280287@psu.palawan.edu.ph",
    "action_flag": 3,
    "change_message": ""
  }
},
{
  "model": "admin.logentry",
  "pk": 23,
  "fields": {
    "action_time": "2025-11-05T18:13:35.541Z",
    "user": [
      "admin"
    ],
    "content_type": [
      "auth",
      "user"
    ],
    "object_id": "17",
    "object_repr": "202280287@psu.palawan.edu.ph",
    "action_flag": 3,
    "change_message": ""
  }
},
{
  "model": "admin.logentry",
  "pk": 24,
  "fields": {
    "action_time": "2025-11-05T18:15:13.368Z",
    "user": [
      "admin"
    ],
    "content_type": [
      "auth",
      "user"
    ],
    "object_id": "18",
    "object_repr": "202280287@psu.palawan.edu.ph",
    "action_flag": 3,
    "change_message": ""
  }
},
{
  "model": "admin.logentry",
  "pk": 25,
  "fields": {
    "action_time": "2025-11-07T14:15:38.046Z",
    "user": [
      "admin"
    ],
    "content_type": [
      "auth",
      "user"
    ],
    "object_id": "19",
    "object_repr": "202280287@psu.palawan.edu.ph",
    "action_flag": 3,
    "change_message": ""
  }
},
{
  "model": "admin.logentry",
  "pk": 26,
  "fields": {
    "action_time": "2025-11-07T14:28:59.547Z",
    "user": [
      "admin"
    ],
    "content_type": [
      "auth",
      "user"
    ],
    "object_id": "22",
    "object_repr": "202280348@psu.palawan.edu.ph",
    "action_flag": 3,
    "change_message": ""
  }
},
{
  "model": "admin.logentry",
  "pk": 27,
  "fields": {
    "action_time": "2025-11-09T19:06:29.610Z",
    "user": [
      "admin"
    ],
    "content_type": [
      "auth",
      "user"
    ],
    "object_id": "20",
    "object_repr": "202280127@psu.palawan.edu.ph",
    "action_flag": 3,
    "change_message": ""
  }
},
{
  "model": "admin.logentry",
  "pk": 28,
  "fields": {
    "action_time": "2025-11-12T06:23:36.141Z",
    "user": [
      "admin"
    ],
    "content_type": [
      "auth",
      "user"
    ],
    "object_id": "21",
    "object_repr": "202280287@psu.palawan.edu.ph",
    "action_flag": 3,
    "change_message": ""
  }
},
{
  "model": "admin.logentry",
  "pk": 29,
  "fields": {
    "action_time": "2025-11-12T06:46:22.780Z",
    "user": [
      "admin"
    ],
    "content_type": [
      "main_app",
      "violation"
    ],
    "object_id": "20",
    "object_repr": "Violation object (20)",
    "action_flag": 3,
    "change_message": ""
  }
},
{
  "model": "admin.logentry",
  "pk": 30,
  "fields": {
    "action_time": "2025-11-13T16:21:11.309Z",
    "user": [
      "admin"
    ],
    "content_type": [
      "auth",
      "user"
    ],
    "object_id": "39",
    "object_repr": "202280287@psu.palawan.edu.ph",
    "action_flag": 3,
    "change_message": ""
  }
},
{
  "model": "admin.logentry",
  "pk": 31,
  "fields": {
    "action_time": "2025-11-13T17:34:22.901Z",
    "user": [
      "admin"
    ],
    "content_type": [
      "auth",
      "user"
    ],
    "object_id": "41",
    "object_repr": "202280287@psu.palawan.edu.ph",
    "action_flag": 3,
    "change_message": ""
  }
},
{
  "model": "admin.logentry",
  "pk": 32,
  "fields": {
    "action_time": "2025-11-14T20:39:03.590Z",
    "user": [
      "admin"
    ],
    "content_type": [
      "auth",
      "user"
    ],
    "object_id": "25",
    "object_repr": "202280102@psu.palawan.edu.ph",
    "action_flag": 2,
    "change_message": "[{\"changed\": {\"fields\": [\"First name\", \"Active\", \"Superuser status\", \"User permissions\"]}}]"
  }
},
{
  "model": "admin.logentry",
  "pk": 33,
  "fields": {
    "action_time": "2025-11-14T20:40:22.596Z",
    "user": [
      "admin"
    ],
    "content_type": [
      "auth",
      "user"
    ],
    "object_id": "25",
    "object_repr": "202280102@psu.palawan.edu.ph",
    "action_flag": 2,
    "change_message": "[{\"changed\": {\"fields\": [\"Active\"]}}]"
  }
},
{
  "model": "admin.logentry",
  "pk": 34,
  "fields": {
    "action_time": "2025-11-14T20:43:05.390Z",
    "user": [
      "admin"
    ],
    "content_type": [
      "auth",
      "user"
    ],
    "object_id": "42",
    "object_repr": "202280287@psu.palawan.edu.ph",
    "action_flag": 3,
    "change_message": ""
  }
},
{
  "model": "admin.logentry",
  "pk": 35,
  "fields": {
    "action_time": "2025-11-14T20:49:12.277Z",
    "user": [
      "admin"
    ],
    "content_type": [
      "auth",
      "user"
    ],
    "object_id": "43",
    "object_repr": "202280287@psu.palawan.edu.ph",
    "action_flag": 2,
    "change_message": "[{\"changed\": {\"fields\": [\"User permissions\"]}}]"
  }
},
{
  "model": "admin.logentry",
  "pk": 36,
  "fields": {
    "action_time": "2025-11-14T20:50:53.068Z",
    "user": [
      "admin"
    ],
    "content_type": [
      "auth",
      "user"
    ],
    "object_id": "43",
    "object_repr": "202280287@psu.palawan.edu.ph",
    "action_flag": 2,
    "change_message": "[{\"changed\": {\"fields\": [\"Staff status\"]}}]"
  }
},
{
  "model": "admin.logentry",
  "pk": 37,
  "fields": {
    "action_time": "2025-11-14T20:54:07.060Z",
    "user": [
      "202280287@psu.palawan.edu.ph"
    ],
    "content_type": [
      "auth",
      "user"
    ],
    "object_id": "43",
    "object_repr": "202280287@psu.palawan.edu.ph",
    "action_flag": 2,
    "change_message": "[{\"changed\": {\"fields\": [\"Active\"]}}]"
  }
},
{
  "model": "admin.logentry",
  "pk": 38,
  "fields": {
    "action_time": "2025-11-14T20:55:17.629Z",
    "user": [
      "admin"
    ],
    "content_type": [
      "auth",
      "user"
    ],
    "object_id": "43",
    "object_repr": "202280287@psu.palawan.edu.ph",
    "action_flag": 2,
    "change_message": "[{\"changed\": {\"fields\": [\"Active\"]}}]"
  }
},
{
  "model": "admin.logentry",
  "pk": 39,
  "fields": {
    "action_time": "2025-11-14T20:57:19.609Z",
    "user": [
      "admin"
    ],
    "content_type": [
      "auth",
      "user"
    ],
    "object_id": "43",
    "object_repr": "202280287@psu.palawan.edu.ph",
    "action_flag": 2,
    "change_message": "[{\"changed\": {\"fields\": [\"Superuser status\"]}}]"
  }
}
]
